{
  "category": "hexalia:enchanted_plants",
  "name": "化形花",
  "icon": "hexalia:morphora",
  "sortnum": 2,
  "pages": [
    {
      "type": "patchouli:spotlight",
      "item": "hexalia:morphora",
      "text": "化形花能将其下方 9x9 范围内的方块转化成新方块。可用转化见后页。$(br2)需要使用$(l:hexalia:items/hex_focus)巫能聚焦杖$()右击激活。"
    },
    {
      "type": "hexalia:transmutation",
      "recipe": "hexalia:morphora_transmutation"
    },
    {
      "type": "patchouli:text",
      "title": "化形",
      "text": "岩浆块 > 熔岩$(br)雪块 > 浮冰$(br)灵魂沙 > 灵魂土$(br)泥土 > 灰化土$(br)沙子 > 红沙$(br)闪长岩 > 花岗岩$(br)花岗岩 > 安山岩$(br)安山岩 > 闪长岩$(br)冰 > 蓝冰$(br)黑石 > 方解石"
    }
  ]
}