{
  "category": "hexalia:enchanted_plants",
  "name": "海螺草",
  "icon": "hexalia:nautilite",
  "sortnum": 3,
  "pages": [
    {
      "type": "patchouli:spotlight",
      "item": "hexalia:nautilite",
      "text": "海螺草会给予 16 格半径范围内的玩家潮涌能量，激活持续 2 分钟。激活后，它还会清除挖掘疲劳。范围内的守卫者和溺尸会受到魔法伤害。$(br2)需要使用$(l:hexalia:items/hex_focus)巫能聚焦杖$()右击激活。"
    },
    {
      "type": "hexalia:transmutation",
      "recipe": "hexalia:nautilite_transmutation"
    }
  ]
}