{
  "name": "离心机",
  "icon": "complicated_bees:centrifuge",
  "category": "complicated_bees:machines",
  "advancement": "complicated_bees:apiary",
  "pages": [
    {
      "type": "patchouli:text",
      "text": "这台机器会消耗 RF 来以极快的速度旋转物品，以此按密度分离各组分。通常情况下，如此加工能将蜜脾转化成蜂蜜、蜂蜡，也有可能产出些其他东西。"
    },
    {
      "type": "patchouli:crafting",
      "recipe": "complicated_bees:centrifuge",
      "title": "离心机",
      "text": "$(o)转身过人！$(br2)$()"
    }
  ]
}