{
  "name": "鱿鱼",
  "icon": "mysticalworld:raw_squid",
  "category": "cuisine",
  "pages": [
    {
      "type": "spotlight",
      "link_recipe": true,
      "item": "mysticalworld:raw_squid",
      "text": "杀死$(l:creatures/squid)鱿鱼$()可以获得生鱿鱼触须。虽然可以生吃，但也能被进一步烹饪。"
    },
    {
      "type": "smelting",
      "recipe": "mysticalworld:raw_squid",
      "title": "炸鱿鱼",
      "text": "对触须的预处理带来了数量充足的炸鱿鱼，而这还能与其他食材结合带来更神秘惊人的体验！"
    },
    {
      "type": "crafting",
      "recipe": "mysticalworld:epic_squid",
      "title": "史诗鱿鱼",
      "text": "这道史诗鱿鱼里富含着紫色鱿鱼精华，不容置疑！虽然制作需要的原料很昂贵，但这道菜会一扫全部饥饿，并且提供大量的增益。没错，不饿的时候也能单纯为了增益食用史诗鱿鱼。"
    }
  ]
}
