{
  "name": "迷你末影人",
  "icon": "mysticalworld:unripe_pearl",
  "category": "creatures",
  "flag": "roots:endermini",
  "pages": [
    {
      "type": "animal_spawn_info",
      "animal": "endermini",
      "breed": "繁殖物品：无。",
      "tame": "驯服物品：无。",
      "blurb": "这些可爱的小生物仍然不喜欢被人盯着！"
    },
    {
      "type": "entity",
      "name": "迷你末影人",
      "entity": "mysticalworld:entity_endermini",
      "scale": 0.7,
      "offset": 0,
      "text": "这些生物常被发现栖息于末地，和它们有着更大体型的同胞——末影人——住在一起。"
    }
  ]
}
