{
  "category": "hexalia:blocks",
  "name": "盈水泥土",
  "icon": "hexalia:infused_dirt",
  "sortnum": 1,
  "pages": [
    {
      "type": "patchouli:spotlight",
      "item": "hexalia:infused_dirt,hexalia:infused_farmland",
      "text": "将塞壬海带和泥土混合起来，所得产物可制成不需要水浸润的耕地。$(br2)用锄右击盈水泥土可让其变成盈水耕地，再用锹右击则变回盈水泥土。$(br2)降雨时，耕地上会出现盈水泡泡，并会周期性促进其上农作物的生长。"
    },
    {
      "type": "patchouli:crafting",
      "recipe": "hexalia:infused_dirt",
      "text": "踩到盈水耕地不会摧毁农作物，也不会让其变回盈水泥土。$(br2)用它种植甘蔗不需附近存在水源。"
    },
    {
      "type": "patchouli:spotlight",
      "item": "hexalia:infused_dirt",
      "text": "可以在盈水泥土上种植$(l:hexalia:resources/herbs)药草$()，再播撒骨粉即可催熟。"
    }
  ]
}