{
  "name": "Alchemy Table",
  "icon": "bloodmagic:alchemytable",
  "category": "bloodmagic:alchemy_table",
  "pages": [
    {
      "type": "patchouli:text",
      "text": "The $(item)Alchemy Table$() crafts items using $(blood)LP$() from a $(l:bloodmagic:altar/soul_network)Soul Network$(/l). The $(thing)Soul Network$() used and Tier of recipes available are determined by the $(item)Blood Orb$() inserted on the right side of the GUI. $(br2)The $(item)Alchemy Table$() is used to craft a handful of $(6)Blood Magic$() components, and provides alternate recipes for some vanilla items as well."
    },
    {
      "type": "patchouli:crafting",
      "recipe": "bloodmagic:alchemy_table",
      "text": "When looking at $(item)Alchemy Table$() recipes in this book (or in $(thing)JEI$()), please hover over the arrow with an \"LP\" label to view Time, $(blood)LP$() drain, and Tier information."
    },
    {
      "type": "patchouli:image",
      "images": [
        "bloodmagic:images/entries/alchemy_table/alchemy_table_gui.png"
      ],
      "title": "Alchemy Table GUI",
      "border": true,
      "text": "The Alchemy Table can be inserted into or extracted from using these buttons."
    },
    {
      "type": "patchouli:text",
      "text": "The $(item)Alchemy Table$() has a number of buttons on its right hand side. These are, in order, $(bold)D$()own, $(bold)U$()p, $(bold)N$()orth, $(bold)S$()outh, $(bold)W$()est, and $(bold)E$()ast. To use them, first click on any slot in the Alchemy Table. (Here, we have selected the central 'finished item' slot, for demonstration.) Next, click on one of these six buttons to toggle whether or not the $(item)Alchemy Table$() should allow $(item)Hoppers$(), pipes, or other such external interference from this face. To return to the table's normal function,"
    },
    {
      "type": "patchouli:text",
      "text": "simply click the slot again to deselect it. The icon displayed in the slot shows whether it is accepting inputs or providing outputs. In the example picture, we are allowing pipes to take from our central slot only on the $(bold)D$()own slot, and any attempts to extract items from other sides will not succeed."
    },
    {
      "type": "patchouli:image",
      "images": [
        "bloodmagic:images/entries/alchemy_table/alchemy_table_orb_error.png",
        "bloodmagic:images/entries/alchemy_table/alchemy_table_soul_error.png"
      ],
      "title": "Alchemy Table Errors",
      "anchor": "errors",
      "border": true,
      "text": "The Alchemy Table will tell you when something is wrong."
    },
    {
      "type": "patchouli:text",
      "text": "The two most common reasons for a recipe to not work in the Alchemy Table are as follows: $(li)$(bold)Orb Error$(): Either there is no Blood Orb present in the relevant slot, or the Orb you are trying to use is not a high enough level for this recipe. $(li)$(bold)Soul Network Error$(): The orb is of a valid level, but either you have not bound it to yourself (right click while holding it), or your Soul Network does not have enough LP in it. $(br2)The following pages document a number of recipes currently available for the Alchemy Table."
    },
    {
      "type": "bloodmagic:3x_crafting_alchemy_table",
      "a.heading": "Grass",
      "a.recipe": "bloodmagic:alchemytable/grass_block",
      "b.heading": "Leather",
      "b.recipe": "bloodmagic:alchemytable/leather_from_flesh",
      "c.heading": "Bread",
      "c.recipe": "bloodmagic:alchemytable/bread"
    },
    {
      "type": "bloodmagic:3x_crafting_alchemy_table",
      "a.heading": "Clay",
      "a.recipe": "bloodmagic:alchemytable/clay_from_sand",
      "b.heading": "String",
      "b.recipe": "bloodmagic:alchemytable/string",
      "c.heading": "Cobweb",
      "c.recipe": "bloodmagic:alchemytable/cobweb"
    },
    {
      "type": "bloodmagic:3x_crafting_alchemy_table",
      "a.heading": "Plant Oil",
      "a.recipe": "bloodmagic:alchemytable/plantoil_from_wheat",
      "b.recipe": "bloodmagic:alchemytable/plantoil_from_carrots",
      "c.recipe": "bloodmagic:alchemytable/plantoil_from_taters"
    },
    {
      "type": "bloodmagic:3x_crafting_alchemy_table",
      "a.heading": "Plant Oil Cont.",
      "a.recipe": "bloodmagic:alchemytable/plantoil_from_beets",
      "b.heading": "Coal Sand",
      "b.recipe": "bloodmagic:alchemytable/sand_coal",
      "c.heading": "Explosive Powder",
      "c.recipe": "bloodmagic:alchemytable/explosive_powder"
    },
    {
      "type": "bloodmagic:3x_crafting_alchemy_table",
      "a.heading": "Flint",
      "a.recipe": "bloodmagic:alchemytable/flint_from_gravel",
      "b.heading": "Saltpeter",
      "b.recipe": "bloodmagic:alchemytable/saltpeter",
      "c.heading": "Gunpowder",
      "c.recipe": "bloodmagic:alchemytable/gunpowder"
    },
    {
      "type": "bloodmagic:2x_crafting_alchemy_table",
      "a.heading": "Lava Bucket",
      "a.recipe": "bloodmagic:alchemytable/sigil_lava_bucket",
      "b.heading": "Water Bucket",
      "b.recipe": "bloodmagic:alchemytable/sigil_water_bucket"
    },
    {
      "type": "patchouli:text",
      "text": "The $(l:bloodmagic:alchemy_array/sigil/lava)Lava$() and $(l:bloodmagic:alchemy_array/sigil/water)Water Sigils$() are not consumed in either of these recipes. What's more, the $(item)Water Sigil$() can be used in place of a $(water)Water Bucket$() in any Alchemy Table Recipe."
    }
  ]
}
