{
  "name": "Potion Crafting",
  "icon": "bloodmagic:alchemy_flask",
  "category": "bloodmagic:alchemy_table",
  "pages": [
    {
      "type": "patchouli:text",
      "text": "The basics of $(thing)Potion Crafting$() are known to all and sundry throughout the land. Even common Clerics and Witches have a firm grasp of the basics of brewing - take a handful of semi-rare ingredients, mix them together in the correct proportions, and consume the result (while holding your nose, if needed), or throw it at your foes."
    },
    {
      "type": "patchouli:text",
      "text": "The addition of $(blood)Life Essence$() and some frankly ingenious Sanguimancy has allowed you to turbocharge the practice, however. $(br2)By imbuing ordinary $(item)Glass Bottles$() with your powers, you are able to hold far more than a single swig of liquid, and with the use of various $(item)Catalysts$() you have figured out how to combine multiple effects in one flask without them muddying together and cancelling out."
    },
    {
      "type": "bloodmagic:crafting_altar",
      "heading": "Alchemy Flask",
      "recipe": "bloodmagic:altar/alchemy_flask",
      "text": "A sturdy Flask that is far more capacious than any measly bottle!"
    },
    {
      "type": "patchouli:text",
      "text": "Of course, a bottle, no matter how advanced, is all but useless without something to fill it. $(br2)Alongside all the usual well known $(thing)Effects$() such as $(l:bloodmagic:alchemy_table/potion_flasks/vanilla/water_breathing)Water Breathing$(), $(l:bloodmagic:alchemy_table/potion_flasks/vanilla/regeneration)Regeneration$(), or $(l:bloodmagic:alchemy_table/potion_flasks/vanilla/night_vision)Night Vision$(), we have also perfected a variety of other, more specialised recipes, such as $(l:bloodmagic:alchemy_table/potion_flasks/blood_magic/flight)Flight$(), $(l:bloodmagic:alchemy_table/potion_flasks/blood_magic/obsidian_cloak)Obsidian Cloak$(), or even $(l:bloodmagic:alchemy_table/potion_flasks/blood_magic/passive)Passive$(). These potions and many more are documented further on in the book."
    },
    {
      "type": "patchouli:crafting",
      "recipe": "bloodmagic:alchemy_flask",
      "text": "Once you have used up any kind of alchemy flask, simply wash out and refill it with water, to get a fresh new flask ready for use."
    },
    {
      "type": "patchouli:text",
      "text": "Flasks also have their equivalent to $(thing)Splash$() and $(thing)Lingering Potions$(), see overleaf. $(br2)$(thing)Lingering Potions$() can be combined with 8 $(l:bloodmagic:demon_will/demonic_items/throwing_daggers#amethyst_throwing_dagger)Amethyst Throwing Daggers$() in the $(item)Alchemical Reaction Chamber$() to create $(item)Tipped Amethyst Throwing Daggers$(). Any entity hit by one of these daggers will have the potion's effects transferred to it."
    },
    {
      "type": "bloodmagic:2x_crafting_flask",
      "a.heading": "Splash Alchemy Flask",
      "a.recipe": "bloodmagic:flask/flask_splash",
      "b.heading": "Lingering Alchemy Flask",
      "b.recipe": "bloodmagic:flask/flask_lingering"
    },
    {
      "type": "patchouli:text",
      "text": "You may recall me mentioning the ability to make multiple $(thing)effects$() in a single $(item)Flask$(). Luckily, this process couldn't be easier. Simply brew up a potion, and use the resulting Flask in place of your empty Flask in the second brewing. For example, if you made a Flask of $(l:bloodmagic:alchemy_table/potion_flasks/blood_magic/bounce)Bounce$(), then took that flask and used it as an ingredient in a flask of $(l:bloodmagic:alchemy_table/potion_flasks/vanilla/night_vision)Night Vision$(), you'd end up with an 8-dose Flask that gives you $(l:bloodmagic:alchemy_table/potion_flasks/blood_magic/bounce)Bounce$() and $(l:bloodmagic:alchemy_table/potion_flasks/vanilla/night_vision)Night Vision$() with every swig!"
    },
    {
      "type": "patchouli:text",
      "text": "Next up, we have $(item)Catalysts$(). There are a few kinds of catalyst, with a few different effects, so let's start off with the simplest three - $(item)Simple Catalyst$(), $(item)Small Power Catalyst$(), and $(item)Small Lengthening Catalyst$(). Of these, the first is the most straightforward - it provides a base to almost every Alchemical Potion, much as $(item)Nether Wart$() does for standard Potions."
    },
    {
      "type": "bloodmagic:crafting_alchemy_table",
      "heading": "Simple Catalyst",
      "recipe": "bloodmagic:alchemytable/simple_catalyst",
      "text": "A good base for nearly any effect. Stock up, you'll want a lot of these."
    },
    {
      "type": "bloodmagic:crafting_alchemy_table",
      "heading": "Small Power Catalyst",
      "recipe": "bloodmagic:alchemytable/mundane_power",
      "text": "Power Catalysts increase the potency of the topmost effect inside the Flask, while decreasing the duration of the effect. It is roughly analogous to $(item)Glowstone$() in more standard potions. If the most recently applied effect cannot accept the catalyst, it will attempt to boost the second topmost, and so on."
    },
    {
      "type": "bloodmagic:crafting_alchemy_table",
      "heading": "Small Lengthening Catalyst",
      "recipe": "bloodmagic:alchemytable/mundane_lengthening",
      "text": "Lengthening Catalysts increase the duration of the topmost effect inside the Flask. It is roughly analogous to $(item)Redstone$() in more standard potions. If the most recently applied effect cannot accept the catalyst, it will attempt to boost the second topmost, and so on."
    },
    {
      "type": "bloodmagic:crafting_alchemy_table",
      "heading": "Combinational Catalyst",
      "recipe": "bloodmagic:alchemytable/combinational",
      "text": "$(item)Combinational Catalysts$() are a little more niche - they take two defined effects and synthesise a third, related effect from them. For example, a Flask with $(l:bloodmagic:alchemy_table/potion_flasks/blood_magic/suspended)Suspended$() and $(l:bloodmagic:alchemy_table/potion_flasks/vanilla/levitation)Levitation$() would, when brewed with this catalyst, produce a Flask of $(l:bloodmagic:alchemy_table/potion_flasks/blood_magic/flight)Flight$()."
    },
    {
      "type": "bloodmagic:crafting_alchemy_table",
      "heading": "Weak Filling Agent",
      "recipe": "bloodmagic:alchemytable/weak_filling",
      "text": "Filling Agents can be used to refresh the contents of a Flask, at the cost of losing some of the effects - the Weak Filling Agent can only preserve the topmost effect on the Flask. If you wish to preserve a different effect, consider using the $(item)Simple Cycling Catalyst.$()"
    },
    {
      "type": "bloodmagic:crafting_alchemy_table",
      "heading": "Simple Cycling Catalyst",
      "recipe": "bloodmagic:alchemytable/cycling_catalyst",
      "text": "The Cycling Catalyst can be used to alter the order of effects inside the Flask, and thus change which effect is altered by another Catalyst or Agent."
    },
    {
      "type": "patchouli:text",
      "title": "Potion Crafting 201",
      "anchor": "average_potions",
      "text": "If the potions you've crafted so far just aren't enough for you, then perhaps you need to do a little exploring? With some $(item)Glow berries$(), some $(item)Cobbled Deepslate$() and a sprinkling of $(l:bloodmagic:dungeons/demonite)Hellforged Sand$(), you can boost the duration and power of your flasks significantly."
    },
    {
      "type": "bloodmagic:crafting_alchemy_table",
      "heading": "Strengthened Catalyst",
      "recipe": "bloodmagic:alchemytable/strengthened_catalyst",
      "text": "A more potent base for more potent catalysts."
    },
    {
      "type": "bloodmagic:crafting_alchemy_table",
      "heading": "Standard Lengthening",
      "recipe": "bloodmagic:alchemytable/average_lengthening",
      "text": "The Standard Lengthening Catalyst will increase the duration of the topmost effect from 3:00 to 21:20. Multiply that by the 8 doses each flask provides, and that's a heck of a long time!"
    },
    {
      "type": "bloodmagic:crafting_alchemy_table",
      "heading": "Standard Power Catalyst",
      "recipe": "bloodmagic:alchemytable/average_power",
      "text": "The Standard Power Catalyst is a souped-up version of the Small Power Catalyst, allowing you to get up to level III potion effects in your flask, while reducing the duration to just 45 seconds per dose."
    }
  ]
}
