{
  "name": "高压变压器",
  "icon": "industrialrenewal:transformer_hv",
  "category": "industrialrenewal:large_machines_category",
  "pages": [
    {
      "type": "patchouli:text",
      "text": "变压器是一个大型电容器，可以通过点对点接线的高压输电网络传输大量能量。使用变压器时应连接高压绝缘子和高压导线线轴。$(br2)变压器存储并且传输1M RF/t(默认情况)。可以使用红石信号来切换输入输出。蓝色代表向电网输出，橙色代表吸收。"
    },
    {
      "type": "patchouli:image",
      "images": ["industrialrenewal:textures/gui/book/transformer.png"]
    }
  ]
}