{
  "name": "巫师斗篷",
  "icon": "arsomega:enchanters_cloak",
  "category": "arsomega:arcane_equipment",
  "advancement": "arsomega:restricted_knowledge",
  "pages": [
    {
      "type": "spotlight",
      "item": "arsomega:enchanters_cloak",
      "text": "巫师斗篷是一件强大的魔法物品，穿上后可排斥各种弹射物。但此斗篷只会保护穿戴者的后方。"
    },
    {
      "type": "apparatus_recipe",
      "recipe": "arsomega:enchanters_cloak"
    }
  ]
}