{
  "name": "附魔钻石苹果",
  "icon": "arsomega:enchanted_diamond_apple",
  "category": "arsomega:arcane_equipment",
  "pages": [
    {
      "type": "spotlight",
      "item": "arsomega:enchanted_diamond_apple",
      "text": "附魔钻石苹果是附魔金苹果的升级版，进一步增加了效力。"
    },
    {
      "type": "patchouli:crafting",
      "recipe": "arsomega:enchanted_diamond_apple"
    },
    {
      "type": "spotlight",
      "item": "arsomega:arcane_apple",
      "text": "奥术苹果则是附魔钻石苹果的升级版，其效力已难以想象。"
    },
    {
      "type": "patchouli:crafting",
      "recipe": "arsomega:arcane_apple"
    }
  ]
}