{
  "name": "block.arsomega.enchanters_wool",
  "icon": "arsomega:enchanters_wool",
  "category": "arsomega:arcane_equipment",
  "advancement": "arsomega:restricted_knowledge",
  "pages": [
    {
      "type": "text",
      "text": "巫师羊毛是一种经过多种强力法术处理的特种羊毛。巫师羊毛在排斥魔法方面表现出色，可用于制造强大的防御性盔甲。"
    },
    {
      "type": "text",
      "text": "巫师羊毛是由绳索经过多步灌注制成的。它不是什么魔法意面。"
    },
    {
      "type": "spotlight",
      "item": "arsomega:enchanters_wool",
      "link_recipe": "true"
    },
    {
      "type": "apparatus_recipe",
      "recipe": "arsomega:enchanters_wool"
    },
    {
      "type": "crafting",
      "recipe": "arsomega:rope",
      "recipe2": "arsomega:magic_rope"
    },
    {
      "type": "crafting",
      "recipe": "arsomega:enchanted_rope"
    }

  ]
}