{
  "name": "其他精华",
  "icon": "arsomega:nature_essence",
  "category": "ars_nouveau:machines",
  "pages": [
    {
      "text": "除去基础精华和基础元素之精华，灌注室还可制成几种特种精华。",
      "type": "patchouli:text"
    },
    {
      "recipe": "arsomega:life_essence",
      "type": "ars_nouveau:imbuement_recipe"
    },
    {
      "recipe": "arsomega:nature_essence",
      "type": "ars_nouveau:imbuement_recipe"
    },
    {
      "recipe": "arsomega:alchemy_essence",
      "type": "ars_nouveau:imbuement_recipe"
    }
  ]
}