{
  "name": "药水调整器",
  "icon": "arsomega:potion_extender",
  "category": "arsomega:arcane_equipment",
  "pages": [
    {
      "type": "text",
      "text": "药水调整器能用魔源给经过它们的药水升级。它们会从正上方的药水罐中抽取药水，并向正下方的罐中输出。它们会从周围的魔源罐中抽取魔源。药水延时器会将所有药水的持续时间延长1分钟。药水强化器会将所有药水的效果级数增加1，但同时使药水量减半。"
    },
    {
      "name": "药水调整器",
      "text": "Upgrades the stats of potions that pass through it.",
      "multiblock": {
        "pattern": [
          [
            " C "
          ],
          [
            " 0 "
          ],
          [
            " C "
          ]
        ],
        "mapping": {
          "C": "ars_nouveau:potion_jar",
          "0": "arsomega:potion_extender"
        }
      },
      "type": "patchouli:multiblock"
    },
    {
      "type": "apparatus_recipe",
      "recipe": "arsomega:potion_extender"
    },
    {
      "type": "apparatus_recipe",
      "recipe": "arsomega:potion_amplifier"
    }
  ]
}