{
    "components": [
        {
            "type": "image",
            "image": "simpleplanes:textures/gui/plane_workbench_book.png",
            "width": 100,
            "height": 24,
            "texture_width": 128,
            "texture_height": 128
        },
        {
            "type": "item",
            "item": "#item1",
            "x": 5,
            "y": 5
        },
        {
            "type": "item",
            "item": "#item2",
            "x": 43,
            "y": 5
        },
        {
            "type": "item",
            "item": "#output",
            "x": 81,
            "y": 5,
            "link_recipe": true
        },
        {
            "type": "item",
            "item": "simpleplanes:plane_workbench",
            "x": 81,
            "y": 24
        }
    ]
}