
{
  "processor": "epicsquid.roots.integration.patchouli.OredictSpotlightProcessor",
  "components": [
    {
      "type": "item",
      "item": "#input",
      "framed": false,
      "x": 50,
      "y": 15
    },
    {
      "type": "image",
      "image": "roots:textures/gui/patchouli/elements3.png",
      "x": 25,
      "y": 11,
      "u": 0,
      "v": 102,
      "width": 66,
      "height": 26
    },
    {
      "type": "header",
      "text": "#name",
      "x": -1,
      "y": 0
    },
    {
      "type": "text",
      "text": "#text",
      "x": 0,
      "y": 40
    }
  ]
}