
{
  "processor": "epicsquid.roots.integration.patchouli.RitualRecipeProcessor",
  "components": [
    {
      "type": "item",
      "item": "#item1",
      "framed": false,
      "x": 46,
      "y": -2
    },
    {
      "type": "item",
      "item": "#item2",
      "framed": false,
      "x": 72,
      "y": 20
    },
    {
      "type": "item",
      "item": "#item3",
      "framed": false,
      "x": 20,
      "y": 20
    },
    {
      "type": "item",
      "item": "#item4",
      "framed": false,
      "x": 27,
      "y": 53
    },
    {
      "type": "item",
      "item": "#item5",
      "framed": false,
      "x": 65,
      "y": 53
    },
    {
      "type": "item",
      "item": "#icon",
      "framed": false,
      "x": 46,
      "y": 77
    },
    {
      "type": "image",
      "image": "roots:textures/gui/patchouli/elements3.png",
      "x": 16,
      "y": -4,
      "u": 0,
      "v": 1,
      "width": 74,
      "height": 101
    },
    {
      "type": "text",
      "text": "#text",
      "x": 0,
      "y": 110
    }
  ]
}