
{
  "processor": "epicsquid.roots.integration.patchouli.RunicCarvingRecipeProcessor",
  "components": [
    {
      "type": "item",
      "item": "#block",
      "framed": false,
      "x": 20,
      "y": 37
    },
    {
      "type": "item",
      "item": "#rune",
      "link_recipe": true,
      "framed": false,
      "x": 80,
      "y": 37
    },
    {
      "type": "item",
      "item": "#herb",
      "framed": false,
      "x": 51,
      "y": 18
    },
    {
      "type": "image",
      "image": "roots:textures/gui/patchouli/elements.png",
      "x": 16,
      "y": 14,
      "u": 0,
      "v": 24,
      "width": 84,
      "height": 43
    },
    {
      "type": "header",
      "text": "#name",
      "x": -1,
      "y": 0
    },
    {
      "type": "text",
      "text": "#text",
      "x": 0,
      "y": 63
    }
  ]
}