{
  "name": "Life Essence",
  "icon": "roots:life_essence",
  "category": "resources",
  "read_by_default": true,
  "pages": [
    {
      "type": "spotlight",
      "item": "roots:life_essence",
      "text": "The life essence of a suitable entity can be extract from it using $(l:crafting/runic_shears)runic shears$(), although not in regular manner. Instead, you must sneak-right-click the entity.$(br2)Resulting essences can be used in $(l:rituals/ritual_summon_creatures)the Summon Creatures ritual$() in place of offerings, and may be reused several times."
    },
    {
      "type": "relations",
      "anchor": "related",
      "entries": [
        "crafting/runic_shears",
        "rituals/ritual_summon_creatures"
      ]
    }
  ]
}