{
  "name": "Catalyst Plates",
  "icon": "roots:reinforced_catalyst_plate",
  "category": "crafting_devices",
  "read_by_default": true,
  "pages": [
    {
      "type": "crafting",
      "recipe": "roots:offering_plate",
      "recipe2": "roots:reinforced_offering_plate"
    },
    {
      "type": "text",
      "title": "Usage",
      "text": "Catalyst plates are primarily to support certain rituals by supplying additional ingredients.$(br2)$(info) See the $(l:rituals/catalyst_plates)entry on Catalyst Plates in the Rituals section$() for full information.$(br2)$(info) Reinforced catalyst plates are immune to damage from vanilla bosses such as the Wither or the Ender Dragon, as well as highly resistant to explosions."
    },
    {
      "type": "relations",
      "anchor": "related",
      "entries": [
        "rituals/ritual_summon_creatures",
        "resources/runestone",
        "resources/runed_obsidian",
        "rituals/catalyst_plates"
      ]
    }
  ]
}