{
  "name": "Terrastone Hoe",
  "icon": "roots:terrastone_hoe",
  "category": "crafting_armor_tools_terrastone",
  "read_by_default": true,
  "pages": [
    {
      "type": "text",
      "text": "Terrastone tools, like $(cat:crafting_armor_tools_living)living tools$(), naturally repair themselves over time (indeed, more rapidly than living tools do).$(br2)$(info) They have the harvest level of diamond tools, but less durability.$(br2)$(info) This hoe has silk touch when breaking grass, leaves, etc, and moisturizes newly made farmland."
    },
    {
      "type": "fey_crafting_template",
      "recipe": "terrastone_hoe"
    },
    {
      "type": "relations",
      "anchor": "related",
      "entries": [
        "crafting/fey_crafter",
        "crafting/runed_plough",
        "crafting/living_hoe"
      ]
    }
  ]
}