{
  "name": "Decorative Wildwood",
  "icon": "roots:wildwood_stairs",
  "category": "crafting_decoration",
  "read_by_default": true,
  "pages": [
    {
      "type": "crafting",
      "recipe": "roots:wildwood_planks",
      "text": "There are a number of decorative variants and uses for $(l:resources/wildwood)wildwood$() & $(l:resources/bark#dark_oak)wildwood bark$()."
    },
    {
      "type": "crafting",
      "recipe": "roots:wildwood_door",
      "recipe2": "roots:wildwood_trapdoor",
      "title": "Doors"
    },
    {
      "type": "crafting",
      "recipe": "roots:wildwood_button",
      "recipe2": "roots:wildwood_pressure_plate",
      "title": "Redstone Blocks"
    },
    {
      "type": "crafting",
      "recipe": "roots:wildwood_fence",
      "recipe2": "roots:wildwood_fence_gate",
      "title": "Fences"
    },
    {
      "type": "crafting",
      "recipe": "roots:wildwood_slab",
      "recipe2": "roots:wildwood_unslab",
      "title": "Slab & Conversion"
    },
    {
      "type": "crafting",
      "recipe": "roots:wildwood_wall",
      "recipe2": "roots:wildwood_stair",
      "title": "Walls & Stair"
    },
    {
      "type": "crafting",
      "recipe": "roots:wildwood_ladder",
      "title": "Ladder"
    },
    {
      "type": "relations",
      "anchor": "related",
      "entries": [
        "resources/wildwood"
      ]
    }
  ]
}