{
  "name": "Wildwood Quiver",
  "icon": "roots:wildwood_quiver",
  "category": "crafting_armor_tools_wildwood",
  "read_by_default": true,
  "pages": [
    {
      "type": "text",
      "text": "Capable of storing up to 6 stacks of arrows, this quiver automatically retrieves an arrow from itself whenever you attempt to draw a bow without suitable arrows.$(br2)$(info) If the quiver is empty, it will grow an arrow for you, damaging itself in the process.$(br2)$(info) It can be repaired using $(l:resources/bark#dark_oak)wildwood bark$()."
    },
    {
      "type": "fey_crafting_template",
      "recipe": "wildwood_quiver",
      "link_recipe": true
    },
    {
      "type": "relations",
      "anchor": "related",
      "entries": [
        "crafting/fey_crafter",
        "resources/wildwood"
      ]
    }
  ]
}