{
  "name": "Wildroot Stew",
  "icon": "roots:wildroot_stew",
  "category": "resources",
  "read_by_default": true,
  "pages": [
    {
      "type": "crafting",
      "recipe": "roots:wildroot_stew",
      "text": "While providing a hearty meal, the $(l:herbs/wildroot)wildroot$() used to make this stew is somewhat bland and tasteless.$(br2)Nevertheless, it is enough to sate hunger when there is little else to be had."
    },
    {
      "type": "relations",
      "anchor": "related",
      "entries": [
        "herbs/wildroot"
      ]
    }
  ]
}