{
  "name": "物质",
  "icon": "deepmoblearning:living_matter_hellish",
  "category": "1_machines",
  "sortnum": 1,
  "pages": [
    {
      "type": "text",
      "text": "一共有两种$(item)物质$()，$(item)世界$()和$(item)原始$()。$(br2)使用$(l:1_machines/0_simulation_chamber)模拟室$()，你总能能得到一个$(br)$(item)世界物质$()。$(br2)也有几率产生$(item)原始物质$()，该几率取决于你目前在$(l:1_machines/0_simulation_chamber)模拟室$()使用的$(l:0_introduction/2_data_models#data_models)数据模型$()的$(item)等级$()。"
    },
    {
      "type": "spotlight",
      "title": "世界物质",
      "item": "deepmoblearning:living_matter_hellish",
      "anchor": "living",
      "text": "$(item)世界物质$()能够用来$(item)嬗变$()相应$(item)栖息地$()的素材，详情请查看$(item)JEI$()中的配方。$(br2)你也可以消耗$(item)世界物质$()来获得$(item)经验$()。"
    },
    {
      "type": "crafting",
      "title": "嬗变样例",
      "recipe": "deepmoblearning:living_matter_exchange/transmutes1_hellish/recipe0_soul_sand",
      "recipe2": "deepmoblearning:living_matter_exchange/transmutes2_extraterrestrial/recipe2_ender_pearl",
      "anchor": "living_transmute"
    },
    {
      "type": "spotlight",
      "title": "原始物质",
      "item": "deepmoblearning:pristine_matter_zombie",
      "anchor": "pristine",
      "text": "这是$(l:1_machines/0_simulation_chamber)模拟室$()的第二种产物。$(br2)$(item)原始物质$()的种类取决于$(l:0_introduction/2_data_models#data_models)数据模型$()。$(br2)$(item)原始物质$()能够在$(br)$(l:1_machines/2_loot_fabricator)战利品制造器$()里生产怪物掉落物。"
    }
  ]
}