{
  "name": "恶魔之王",
  "icon": "arsomega:demonic_crystal",
  "category": "arsomega:demon_realm",
  "advancement": "arsomega:banished",
  "pages": [
    {
      "type": "text",
      "text": "恶魔之王是恶魔领域的Boss。他强大万分，非常建议使用3级法术书。恶魔之王会掉落恶魔水晶，可用于制作4级法术书。可用恶魔法杖召唤恶魔之王，而法杖可在恶魔领域的结构内找到。"
    },
    {
      "type": "spotlight",
      "item": "arsomega:demon_staff",
      "text": "恶魔法杖可在恶魔领域的结构中找到，且包含",
      "link_recipe": "true"
    },
    {
      "type": "spotlight",
      "item": "arsomega:demonic_crystal",
      "text": "恶魔水晶由恶魔之王掉落。",
      "link_recipe": "true"
    },
    {
      "type": "relations",
      "entries":["arsomega:demon_realm/demonic_realm"]
    }
  ]
}