
{
  "processor": "epicsquid.roots.integration.patchouli.MossRecipeProcessor",
  "components": [
    {
      "type": "item",
      "item": "#input",
      "framed": false,
      "x": 21,
      "y": 18
    },
    {
      "type": "item",
      "item": "#output",
      "framed": false,
      "x": 81,
      "y": 18
    },
    {
      "type": "item",
      "item": "#moss",
      "framed": false,
      "x": 81,
      "y": 43
    },
    {
      "type": "image",
      "image": "roots:textures/gui/patchouli/elements4.png",
      "x": 19,
      "y": 14,
      "u": 86,
      "v": 0,
      "width": 85,
      "height": 50
    },
    {
      "type": "header",
      "text": "#name",
      "x": -1,
      "y": 0
    },
    {
      "type": "text",
      "text": "#text",
      "x": 0,
      "y": 65
    }
  ]
}