{
    "name": "电感线圈",
    "icon": "minecraft:gold_block",
    "category": "bigreactors:turbine",
    "read_by_default": true,
    "sortnum": 3,
    "pages": [
        {
            "type": "patchouli:text",
            "text": "电感线圈是一种通常是金属的方块，可以放置在转轴周围，当接合时，将从涡轮内部提取能量同时减慢它的速度。$(br2)一个特定的线圈可以更有效地从涡轮转子中提取能量，或者比其他的线圈更快地提取能量。"
        },
        {
            "type": "patchouli:text",
            "text": "通常一个稀有的方块，或者一个特别昂贵的配方所制作的，比一个普通的，或便宜的，有更好的属性。$(br2)在默认情况下，极限反应堆会使用一些原版的和模组中的方块作为电感线圈。$(br2)其他模组或整合包可以添加自己的电感线圈或修改/删除默认的电感线圈。"
        },
        {
            "type": "patchouli:text",
            "text": "只有有效的电感线圈方块才能放置在涡轮机中，无效的电感线圈将阻止涡轮机多方块结构的形成。$(br2)可以用作电感线圈的方块有一行特殊的提示，如果你想看到它，请打开$(italic)高级提示框$()(F3 + H)。"
        }
    ]
}