{
    "name": "内部运作",
    "icon": "bigreactors:basic_turbinerotorbearing",
    "category": "bigreactors:turbine",
    "read_by_default": true,
    "sortnum": 1,
    "pages": [
        {
            "type": "patchouli:text",
            "text": "涡轮机是如何生产能量的？$(br2)通过旋转$(l:bigreactors:turbine/rotor)转子$(/l)。$(br2)蒸汽被按在$(l:bigreactors:turbine/part-controller)控制器$(/l)中配置的速率从涡轮蒸汽箱被泵入$(l:bigreactors:turbine/rotor)转子$(/l)室。$(br2)每个$(l:bigreactors:turbine/part-rotorblade)转子叶片$(/l)依靠少量捕获的蒸汽驱动$(l:bigreactors:turbine/rotor)转子$(/l)旋转。"
        },
        {
            "type": "patchouli:text",
            "text": "当$(l:bigreactors:turbine/coils)感应线圈$(/l)$(l:bigreactors:turbine/part-controller)被使用$(/l)时，能量产生取决于$(l:bigreactors:turbine/rotor)转子$(/l)转速和属性的平均值，如效率和你所放置的线圈数量。$(br2)$(italic)请注意，虽然这十分接近，能够让您有可能搭建一个最好的涡轮机，但这仍是一个过度简化了的您涡轮机内真实情况的描述。$() "
        }
    ]
}