{
    "name": "涡轮机控制器",
    "icon": "bigreactors:reinforced_turbinecontroller",
    "category": "bigreactors:turbine-parts",
    "read_by_default": true,
    "sortnum": 3,
    "pages": [
        {
            "type": "patchouli:spotlight",
            "item": "bigreactors:reinforced_turbinecontroller",
            "link_recipe": true,
            "title" : "涡轮机控制器",
            "text": "涡轮机控制器是涡轮机的主要交互界面。$(br2)右键点击打开它的图形界面，从而打开或关闭涡轮机，检查有多少蒸汽和冷却剂，查看$(l:bigreactors:turbine/rotor)转子$(/l)的转速有多快，产生了多少能量。"
        },
        {
            "type": "patchouli:text",
            "text": "你也可以调节有多少蒸汽在$(l:bigreactors:turbine/rotor)转子$(/l)周围流动，用于防止蒸汽冷凝回冷却剂和接合或脱离$(l:bigreactors:turbine/coils)电感线圈$(/l)。$(br2)如果将鼠标悬停在界面中某个控件上，将显示一行提示信息，包含该控件的附加信息或解释性文本。"
        },
        {
            "type": "bigreactors:crafting1x",
            "title1": "基础",
            "recipe1": "bigreactors:turbine/basic/controller",
            "title2": "强化",
            "recipe2": "bigreactors:turbine/reinforced/controller"
        },
        {
            "type": "bigreactors:part_usage"
        }
    ]
}