{
    "name": "涡轮机 FE 能源接口",
    "icon": "bigreactors:reinforced_turbinepowertapfe_active",
    "category": "bigreactors:turbine-parts",
    "read_by_default": true,
    "sortnum": 8,
    "pages": [
        {
            "type": "patchouli:spotlight",
            "item": "bigreactors:reinforced_turbinepowertapfe_active",
            "link_recipe": true,
            "title" : "涡轮机 FE 能源接口",
            "text": "涡轮机 FE 能源接口允许您从涡轮机中提取能量。$(br2)顾名思义，这个能源接口使用 Forge $(l:bigreactors:misc/powersystem)能源系统$(/l)输出能量，所以它只能与能与该系统兼容的管道或机器连接。"
        },
        {
            "type": "patchouli:text",
            "text": "每台涡轮机只能使用一种$(l:bigreactors:misc/powersystem)能源系统$(/l)，因此只能用一种类型的能源接口来建造一台涡轮机。$(br2)能源接口有$(l:bigreactors:misc/passiveactiveparts)被动和主动$(/l)两种形式。"
        },
        {
            "type": "bigreactors:crafting1x",
            "title1": "基础(被动)",
            "recipe1": "bigreactors:turbine/basic/passivetap_fe",
            "title2": "强化(被动)",
            "recipe2": "bigreactors:turbine/reinforced/passivetap_fe"
        },
        {
            "type": "bigreactors:crafting1x",
            "title1": "基础(主动)",
            "recipe1": "bigreactors:turbine/basic/activetap_fe",
            "title2": "强化(主动)",
            "recipe2": "bigreactors:turbine/reinforced/activetap_fe"
        },
        {
            "type": "bigreactors:part_usage"
        }
    ]
}