{
    "name": "涡轮机玻璃",
    "icon": "bigreactors:reinforced_turbineglass",
    "category": "bigreactors:turbine-parts",
    "read_by_default": true,
    "sortnum": 2,
    "pages": [
        {
            "type": "patchouli:spotlight",
            "item": "bigreactors:reinforced_turbineglass",
            "link_recipe": true,
            "title" : "涡轮机玻璃",
            "text": "涡轮机玻璃是装饰性的方块，可以用来代替$(l:bigreactors:turbine/part-casing)涡轮机外壳$(/l)，以显示涡轮机内部。"
        },
        {
            "type": "bigreactors:crafting1x",
            "title1": "基础",
            "recipe1": "bigreactors:turbine/basic/glass",
            "title2": "强化",
            "recipe2": "bigreactors:turbine/reinforced/glass"
        },
        {
            "type": "bigreactors:part_usage"
        }
    ]
}