{
    "name": "涡轮机转子叶片",
    "icon": "bigreactors:reinforced_turbinerotorblade",
    "category": "bigreactors:turbine-parts",
    "read_by_default": true,
    "sortnum": 6,
    "pages": [
        {
            "type": "patchouli:spotlight",
            "item": "bigreactors:reinforced_turbinerotorblade",
            "link_recipe": true,
            "title" : "涡轮机转子叶片",
            "text": "涡轮机转子叶片是涡轮机的最后一个部件，它是使$(l:bigreactors:turbine/rotor)涡轮机转子$(/l)旋转的部件。$(br2)一个涡轮机转子叶片只能垂直放置到一个$(l:bigreactors:turbine/part-rotorshaft)涡轮机转子转轴$(/l)上或其他叶片远离转轴的一侧。"
        },
        {
            "type": "bigreactors:crafting1x",
            "title1": "基础",
            "recipe1": "bigreactors:turbine/basic/blade",
            "title2": "强化",
            "recipe2": "bigreactors:turbine/reinforced/blade"
        },
        {
            "type": "bigreactors:part_usage"
        }
    ]
}