{
    "name": "燃料棒",
    "icon": "bigreactors:reinforced_reactorfuelrod",
    "category": "bigreactors:reactor-parts",
    "read_by_default": true,
    "sortnum": 4,
    "pages": [
        {
            "type": "patchouli:spotlight",
            "item": "bigreactors:reinforced_reactorfuelrod",
            "link_recipe": true,
            "title" : "燃料棒",
            "text": "燃料棒被以垂直或水平状态放置在您的反应堆中。$(br2)它们充当反应物（燃料或废料或两者的混合物）的储存库，并在反应堆启动时受到辐射，产生最终用于产生能量或蒸发冷却剂的热量。"
        },
        {
            "type": "patchouli:text",
            "text": "每堆的第一个燃料棒必须放在$(l:bigreactors:reactor/part-casing)反应堆外壳$(/l)后面，最后一个燃料棒必须放在$(l:bigreactors:reactor/part-controlrod)控制杆$(/l)后面。$(br2)你可以让你的燃料棒垂直(沿着Y轴)或水平(沿着X或Z轴)放置，但你不能混合使用这两种放置方式。$(br2)请注意，基于这一要求，你必须把所有控制杆放在反应堆的同一个面上。"
        },
        {
            "type": "bigreactors:crafting1x",
            "title1": "基础",
            "recipe1": "bigreactors:reactor/basic/fuelrod_ingots_yellorium",
            "title2": "强化",
            "recipe2": "bigreactors:reactor/reinforced/fuelrod_ingots_yellorium"
        },
        {
            "type": "bigreactors:part_usage"
        }
    ]
}