{
    "name": "反应堆玻璃",
    "icon": "bigreactors:reinforced_reactorglass",
    "category": "bigreactors:reactor-parts",
    "read_by_default": true,
    "sortnum": 2,
    "pages": [
        {
            "type": "patchouli:spotlight",
            "item": "bigreactors:reinforced_reactorglass",
            "link_recipe": true,
            "title" : "反应堆玻璃",
            "text": "反应堆玻璃是装饰性的方块，可以用来代替反应堆外壳，以显示反应堆的内部。"
        },
        {
            "type": "bigreactors:crafting1x",
            "title1": "基础",
            "recipe1": "bigreactors:reactor/basic/glass",
            "title2": "强化",
            "recipe2": "bigreactors:reactor/reinforced/glass"
        },
        {
            "type": "bigreactors:part_usage"
        }
    ]
}