{
    "name": "创造模式反应堆无限水",
    "icon": "bigreactors:reinforced_reactorcreativewatergenerator",
    "category": "bigreactors:reactor-parts",
    "read_by_default": true,
    "sortnum": 12,
    "pages": [
        {
            "type": "patchouli:spotlight",
            "item": "bigreactors:reinforced_reactorcreativewatergenerator",
            "link_recipe": true,
            "title" : "创造模式反应堆无限水",
            "text": "创造模式无限水是一个创造模式专属方块，可以为$(l:bigreactors:reactor/active)主动冷却$(/l)反应堆提供恒定的水源。$(br2)这个方块在反应堆运行时会自动供应一桶水到冷却液箱。"
        }
    ]
}