{
    "name": "反应堆控制杆",
    "icon": "bigreactors:reinforced_reactorcontrolrod",
    "category": "bigreactors:reactor-parts",
    "read_by_default": true,
    "sortnum": 5,
    "pages": [
        {
            "type": "patchouli:spotlight",
            "item": "bigreactors:reinforced_reactorcontrolrod",
            "link_recipe": true,
            "title" : "反应堆控制杆",
            "text": "控制杆是一种由可以吸收中子辐射的材料制成的，可以插入到$(l:bigreactors:reactor/part-fuelrod)燃料棒$(/l)中，否则中子辐射会轰击$(l:bigreactors:reactor/part-fuelrod)燃料棒$(/l)中的反应物，从而减缓或停止燃料的消耗以及热量和废料的产生。"
        },
        {
            "type": "patchouli:text",
            "text": "右键点击控制杆可以打开其图形界面。$(br2)在它的界面中，您可以为控制杆分配一个名称，用于在使用$(l:bigreactors:reactor/part-computerport)计算机接口$(/l)管理反应堆时引用该控制杆。$(br2)插入百分比说明了插入的控制杆与$(l:bigreactors:reactor/part-fuelrod)燃料棒$(/l)的比例。您可以仅更改该控制杆或所有控制杆的插入百分比。"
        },
        {
            "type": "bigreactors:crafting1x",
            "title1": "基础",
            "recipe1": "bigreactors:reactor/basic/controlrod",
            "title2": "强化",
            "recipe2": "bigreactors:reactor/reinforced/controlrod"
        },
        {
            "type": "bigreactors:part_usage"
        }
    ]
}