{
    "name": "反应堆红石端口",
    "icon": "bigreactors:reinforced_reactorredstoneport",
    "category": "bigreactors:reactor-parts",
    "read_by_default": true,
    "sortnum": 8,
    "pages": [
        {
            "type": "patchouli:spotlight",
            "item": "bigreactors:reinforced_reactorredstoneport",
            "link_recipe": true,
            "title" : "反应堆红石端口",
            "text": "反应堆红石端口允许您使用红石自动化您的反应堆。$(br2)打开端口图形界面进行配置。然后，您可以在三个输入设置(侦测红石信号)和六个输出设置(发出红石信号)之间进行选择。"
        },
        {
            "type": "patchouli:text",
            "text": "$(bold)输入设置$()$(br2)当接收到红石信号时，执行以下操作之一$(br2)$(li)$(o)开/关：$()根据接收到的红石信号打开或关闭反应堆$(li)$(o)排除废料$()将废料从输出模式的访问端口中弹出$(li)$(o)控制杆插入$()设置反应堆中所有控制杆的插入百分比"
        },
        {
            "type": "patchouli:text",
            "text": "$(bold)输出设置$()$(br2)当满足下列条件之一时，发出红石信号$(br2)$(li)$(o)外壳热量：$()反应堆外壳热量高于、低于或介于给定温度之间$(li)$(o)堆芯热量：$()反应堆堆芯热量高于、低于或介于给定温度之间$(li)$(o)燃料丰度：$()燃料丰度百分比高于、低于或介于给定值之间"
        },
        {
            "type": "patchouli:text",
            "text": "$(li)$(o)燃料量：$()可用的燃料量高于、低于或介于给定值之间$(li)$(o)废料量：$()可利用的废料量高于、低于或介于给定值之间$(li)$(o)存储能量：$()存储在反应堆内部能量缓冲器的能量高于、低于或介于给定值之间$(li)$(o)冷却液量：$()冷却液在涡轮中的量高于、低于或介于给定值之间"
        },
        {
            "type": "patchouli:text",
            "text": "$(li)$(o)蒸汽量：$()涡轮机中的蒸汽量高于、低于或介于给定值之间$(br2)你通常需要两个或以上的红石端口来完全自动化一个反应堆。$(br2)对于更复杂的自动化，请查看$(l:bigreactors:reactor/part-computerport)计算机端口$(/l)章节。"
        },
        {
            "type": "bigreactors:crafting1x",
            "title1": "基础",
            "recipe1": "bigreactors:reactor/basic/redstoneport",
            "title2": "强化",
            "recipe2": "bigreactors:reactor/reinforced/redstoneport"
        },
        {
            "type": "bigreactors:part_usage"
        }
    ]
}