{
    "name": "反应堆能源接口",
    "icon": "bigreactors:reinforced_reactorpowertapfe_active",
    "category": "bigreactors:reactor-parts",
    "read_by_default": true,
    "sortnum": 7,
    "pages": [
        {
            "type": "patchouli:spotlight",
            "item": "bigreactors:reinforced_reactorpowertapfe_passive",
            "link_recipe": true,
            "title" : "反应堆能源接口",
            "text": "反应堆能源接口允许您从$(l:bigreactors:reactor/passive)被动冷却$(/l)反应堆中提取能量。$(br2)顾名思义，这个能源接口使用 Forge $(l:bigreactors:misc/powersystem)能源系统$(/l)输出能量，因此它只能连接到与该系统兼容的线缆或机器。"
        },
        {
            "type": "patchouli:text",
            "text": "每个反应堆只能使用一个$(l:bigreactors:misc/powersystem)能源系统$(/l)因此只能用一种能源接口来建造单个反应堆。$(br2)反应堆能源接口有$(l:bigreactors:misc/passiveactiveparts)被动与主动$(/l)两种状态。"
        },
        {
            "type": "bigreactors:crafting1x",
            "title1": "基础(被动)",
            "recipe1": "bigreactors:reactor/basic/passivetap_fe",
            "title2": "强化(被动)",
            "recipe2": "bigreactors:reactor/reinforced/passivetap_fe"
        },
        {
            "type": "bigreactors:crafting1x",
            "title1": "基础(主动)",
            "recipe1": "bigreactors:reactor/basic/activetap_fe",
            "title2": "强化(主动)",
            "recipe2": "bigreactors:reactor/reinforced/activetap_fe"
        },
        {
            "type": "bigreactors:part_usage"
        }
    ]
}