{
    "name": "反应堆 FE 充电端口",
    "icon": "bigreactors:reinforced_reactorchargingportfe",
    "category": "bigreactors:reactor-parts",
    "read_by_default": true,
    "sortnum": 8,
    "pages": [
        {
            "type": "patchouli:spotlight",
            "item": "bigreactors:reinforced_reactorchargingportfe",
            "link_recipe": true,
            "title" : "反应堆 FE 充电端口",
            "text": "反应堆 FE 充电端口允许您使用储存在$(l:bigreactors:reactor/passive)被动冷却$(/l)反应堆中的能量来为使用 FE $(l:bigreactors:misc/powersystem)能量$(/l)的物品充能。$(br2)打开端口的图形界面，将需要充能的物品放入到中间的输入槽中。"
        },
        {
            "type": "patchouli:text",
            "text": "当物品充能完毕后，物品将自动转移到接口的输出槽供您收集。$(br2)如果出于任何原因需要停止充能，请按弹出按钮将物品转移至输出槽。"
        },
        {
            "type": "bigreactors:crafting1x",
            "title1": "基础",
            "recipe1": "bigreactors:reactor/basic/chargingfe",
            "title2": "强化",
            "recipe2": "bigreactors:reactor/reinforced/chargingfe"
        },
        {
            "type": "bigreactors:part_usage"
        }
    ]
}
