{
    "name": "被动冷却",
    "icon": "bigreactors:graphite_block",
    "category": "bigreactors:reactor-operational_mode",
    "read_by_default": true,
    "sortnum": 1,
    "pages": [
        {
            "type": "patchouli:text",
            "text": "被动冷却反应堆是一种直接$(l:bigreactors:reactor/innerworking)产生能量$(/l)的反应堆，它不使用外部介质来散发内部热量。$(br2)在本书开头描述的$(l:bigreactors:intro/first)第一个反应堆$(/l)就是一个被动冷却模式下运行的反应堆。"
        }
    ]
}