{
    "name": "强化",
    "icon": "bigreactors:reinforced_reactorcasing",
    "category": "bigreactors:reactor-variants",
    "read_by_default": true,
    "sortnum": 2,
    "pages": [
        {
            "type": "patchouli:text",
            "text": "强化变种允许您建造您需要或想要的尽可能大的反应堆，以生产和储存极端数量的能量。$(br2)最大大小可以由玩家，整合包作者或服务器管理员在极限反应堆的配置文件中配置（最大为256个方块）。"
        },
        {
            "type": "patchouli:text",
            "text": "强化反应堆的结构更加完整，但制造成本更高，原料利用效率也不如其他类型，但它们超高的发电量是无法被超越的。"
        }
    ]
}