{
  "__comment__": "This file was automatically created by mcresources",
  "name": "新合金",
  "category": "tfc_ie_addon:tfc_ie_changes",
  "icon": "immersiveengineering:ingot_electrum",
  "pages": [
    {
      "type": "patchouli:text",
      "text": "由于群峦传说添加了合金工艺系统，现在你可以用群峦的方式制造沉浸工程的合金，如$(thing)琥珀金$()或$(thing)康铜$()！你只需要知道这两种合金的比例（相信我，它们很容易）。"
    },
    {
      "type": "patchouli:spotlight",
      "item": "immersiveengineering:ingot_electrum",
      "title": "琥珀金",
      "link_recipes": false,
      "text": "$(br)$(bold)条件：$()$(br)$(li)40 - 60 % ： $(thing)金$()$(li)40 - 60 % ： $(thing)银$()$(br2)"
    },
    {
      "type": "patchouli:spotlight",
      "item": "immersiveengineering:ingot_constantan",
      "title": "康铜",
      "link_recipes": false,
      "text": "$(br)$(bold)条件：$()$(br)$(li)40 - 60 % ： $(thing)铜$()$(li)40 - 60 % ： $(thing)镍$()$(br2)"
    }
  ],
  "read_by_default": true,
  "sortnum": 1,
  "extra_recipe_mappings": {
    "immersiveengineering:ingot_electrum": 1,
    "immersiveengineering:ingot_constantan": 2
  }
}