{
  "__comment__": "This file was automatically created by mcresources",
  "name": "石墨",
  "category": "tfc_ie_addon:tfc_ie_changes",
  "icon": "immersiveengineering:ingot_hop_graphite",
  "pages": [
    {
      "type": "patchouli:text",
      "text": "高定向热解石墨（HOP）是一种用于特殊工程结构的复杂、高度压缩的碳材料。$(thing)HOP石墨粉$()是通过在$(thing)工业挤压机$()中压缩八份$(thing)焦煤粉$()或$(thing)石墨粉$()而产生的。这些粉末可以被熔炼成锭。"
    },
    {
      "type": "patchouli:spotlight",
      "item": "immersiveengineering:graphite_electrode",
      "link_recipes": false,
      "text": "HOP石墨最常见的用途是制造供$(thing)电弧炉$()使用的$(thing)电极$()。这些$(thing)电极$()是用$(l:tfc_ie_addon:tfc_ie_changes/blueprint)工程师蓝图$()制作的（这个蓝图有配方可以合成）。 你也可以在$(thing)金属冲压机$()中用上棒模具，在4个石墨锭上冲压来制作$(thing)电极$()，但这种方式制作的$(thing)电极$()只有一半的耐久。"
    }
  ],
  "read_by_default": true,
  "sortnum": 8
}