{
  "name": "魔法门",
  "icon": "arcanuscontinuum:magic_door",
  "category": "arcanuscontinuum:artifice",
  "advancement": "arcanuscontinuum:arcane/a_magical_crystal",
  "pages": [
    {
      "type": "patchouli:text",
      "text": "魔法门是巫师文化的主要组成。许多巫师用它装饰他们的房屋，因为在对抗潜在的入侵者时，魔法门能够提供些许额外安全。$(br2)虽然打开魔法门需要使用魔咒词句，但是许多巫师发现把开启魔咒词设为“请”会更有幽默感。"
    },
    {
      "type": "patchouli:crafting",
      "recipe": "arcanuscontinuum:magic_door",
      "text": "手持已命名的命名牌，对你的魔法门按下潜行+$(k:key.use)可以改变开门魔咒。"
    }
  ]
}
