{
  "name": "知识卷轴",
  "icon": "arcanuscontinuum:scroll_of_knowledge",
  "category": "arcanuscontinuum:artifice",
  "advancement": "arcanuscontinuum:arcane/magical_meet_and_greet",
  "pages": [
    {
      "type": "patchouli:text",
      "text": "知识卷轴蕴含了奥术之秘，许多巫师搜寻它以获得更多学习魔法的渠道。$(br2)大多数时候，资深巫师会把用旧的咒术卷轴高价转卖给经验不足的新人，不过价钱可绝不便宜。"
    },
    {
      "type": "patchouli:text",
      "text": "巫师等级：$(li)等级 0 - 10 Mana$(li)等级 1 - 10 Mana$(li)等级 2 - 20 Mana$(li)等级 3 - 30 Mana$(li)等级 4 - 40 Mana$(li)等级 5 - 50 Mana$(li)等级 6 - 60 Mana$(li)等级 7 - 70 Mana$(li)等级 8 - 80 Mana$(li)等级 9 - 90 Mana$(li)等级 10 - 100 Mana"
    }
  ]
}
