{
    "name": "流化器玻璃",
    "icon": "bigreactors:fluidizerglass",
    "category": "bigreactors:fluidizer-parts",
    "read_by_default": true,
    "sortnum": 2,
    "pages": [
        {
            "type": "spotlight",
            "item": "bigreactors:fluidizerglass",
            "link_recipe": true,
            "title" : "流化器玻璃",
            "text": "流化器玻璃是装饰性方块，可以用来代替流化器外壳，以显示流化器的内部。"
        },
        {
            "type": "crafting-part_usage",
            "crafting.title1": "流化器玻璃",
            "crafting.recipe1": "bigreactors:fluidizer/glass"
        }
    ]
}