{
  "name": "Aqua Bubble",
  "icon": "roots:spell_icon{spell_storage:{s:\"roots:spell_aqua_bubble\"}}",
  "category": "spells",
  "read_by_default": true,
  "flag": "roots:spell_aqua_bubble",
  "pages": [
    {
      "type": "text",
      "text": "Aqua Bubble creates a shield around you that not only absorbs damage, but reduces the damage taken from fire-based attacks, and makes you immune to lava.$(br2)With modifiers, these bonuses are amplified, affect familiars, or grants resistance. You can also knock back attackers, reflect fire damage, or damage undead attackers."
    },
    {
      "type": "spell_template",
      "spell": "spell_aqua_bubble"
    },
    {
      "type": "spell_modifier_template",
      "spell": "spell_aqua_bubble",
      "modifier": "roots:bubble_amplified",
      "anchor": "bubble_amplified"
    },
    {
      "type": "spell_modifier_template",
      "spell": "spell_aqua_bubble",
      "modifier": "roots:faithful_sharing",
      "anchor": "faithful_sharing"
    },
    {
      "type": "spell_modifier_template",
      "spell": "spell_aqua_bubble",
      "modifier": "roots:barkskin",
      "anchor": "barkskin"
    },
    {
      "type": "spell_modifier_template",
      "spell": "spell_aqua_bubble",
      "modifier": "roots:moon_bubble",
      "anchor": "moon_bubble"
    },
    {
      "type": "spell_modifier_template",
      "spell": "spell_aqua_bubble",
      "modifier": "roots:spirit_bubble",
      "anchor": "spirit_bubble"
    },
    {
      "type": "spell_modifier_template",
      "spell": "spell_aqua_bubble",
      "modifier": "roots:poison_protection",
      "anchor": "poison_protection"
    },
    {
      "type": "spell_modifier_template",
      "spell": "spell_aqua_bubble",
      "modifier": "roots:bubble_knockback",
      "anchor": "bubble_knockback"
    },
    {
      "type": "spell_modifier_template",
      "spell": "spell_aqua_bubble",
      "modifier": "roots:reflective_bubble",
      "anchor": "reflective_bubble"
    },
    {
      "type": "spell_modifier_template",
      "spell": "spell_aqua_bubble",
      "modifier": "roots:stoneskin",
      "anchor": "stoneskin"
    },
    {
      "type": "text",
      "title": "Spell Configuration",
      "text": "$(bold)Cooldown:$() The spell has a cooldown of $(spell:aqua_bubble/SECONDS/cooldown) seconds.$(br2)$(bold)Duration:$() The bubble lasts $(spell:aqua_bubble/SECONDS/duration) seconds.$(br2)$(bold)Fire:$() Fire damage is reduced to $(spell:aqua_bubble/PERCENT/fire_reduction) of the original.$(br2)$(bold)Lava:$() Lava damage is reduced to $(spell:aqua_bubble/PERCENT/lava_reduction) of the original.$(br2)$(bold)Knockback:$() With the $(modifier:bubble_knockback)$() modifier, attackers are knocked back by $(spell:aqua_bubble/knockback)."
    },
    {
      "type": "text",
      "text": "$(bold)Amplified:$() With the $(modifier:bubble_amplified)$() modifier, spell effects are boosted by $(spell:aqua_bubble/PERCENT/amplifier).$(br2)$(bold)Familiars:$() With the $(modifier:faithful_sharing)$() modifier, a familiar within $(spell:aqua_bubble/radius_x) and $(spell:aqua_bubble/radius_z) horizontally and $(spell:aqua_bubble/radius_y) vertically is shielded.$(br2)$(bold)Slowness:$() With the $(modifier:barkskin)$() amplifier, attackers are given Slowness $(spell:aqua_bubble/ROMAN/slowness_amplifier) for $(spell:aqua_bubble/SECONDS/slowness_duration) seconds.$(br2)$(bold)Undead:$() With the $(modifier:spirit_bubble)$() modifier, attacks by undead are reduced to $(spell:aqua_bubble/PERCENT/undead_reduction) of the original."
    },
    {
      "type": "text",
      "text": "$(bold)Resistance:$() With the $(modifier:stoneskin)$() modifier, the spell also gives Resistance $(spell:aqua_bubble/ROMAN/resistance_amplifier) for $(spell:aqua_bubble/SECONDS/resistance_duration).$(br2)$(bold)Magic Resistance:$() With the $(modifier:moon_bubble)$() modifier, magic damage is reduced to $(spell:aqua_bubble/PERCENT/magic_resistance) of the original.$(br2)$(bold)Reflection:$() With the $(modifier:reflective_bubble)$() modifier, fire damage you take is reflected to the attacker as physical damage."
    },
    {
      "type": "text",
      "text": "$(bold)Poison Resistance:$() With the $(modifier:poison_protection)$() modifier, you are immune to poison for the duration of the bubble."
    },
    {
      "type": "relations",
      "anchor": "related",
      "entries": [
        "spells/modifiers",
        "herbs/terra_moss",
        "herbs/dewgonia"
      ]
    }
  ]
}