{
  "name": "施放法术",
  "icon": "arcanuscontinuum:crystal_staff",
  "category": "arcanuscontinuum:basics",
  "advancement": "arcanuscontinuum:arcane/wizard_level_1",
  "sortnum": 3,
  "pages": [
    {
      "type": "patchouli:text",
      "text": "如果你已创建了一个法术，将其附着于法杖，然后并准备施法法术？赞！施放法术十分简单，只需要你主手持法杖，然后按$(k:key.attack)和$(k:key.use)。$(br2)你会注意到出现了一个正方形或圆形而这取决于按下的按键。$(k:key.attack)生成正方形，$(k:key.use)生成圆形。"
    },
    {
      "type": "patchouli:image",
      "border": true,
      "images": [
        "arcanuscontinuum:textures/gui/patchouli/entries/casting.png"
      ]
    },
    {
      "type": "patchouli:text",
      "text": "当三个咒语串联成组时，便构成了“法术符阵”。每根法杖上的嵌槽均由此类符阵组成，共计八组。$(br2)检查法杖的提示框，或者将其放置于合成台或奥术工作台，你都能看到每种“法术符阵”与之相连的槽位。"
    },
    {
      "type": "patchouli:image",
      "border": true,
      "images": [
        "arcanuscontinuum:textures/gui/patchouli/entries/spell_slots.png"
      ]
    }
  ]
}
