{
  "category": "hexalia:equipment",
  "name": "海带纤织刀",
  "icon": "hexalia:kelpweave_blade",
  "flag": "mod:disabled_entry",
  "sortnum": 0,
  "pages": [
    {
      "type": "patchouli:spotlight",
      "item": "hexalia:kelpweave_blade",
      "text": "这把刀每次击中目标时都会给予其$(#999999)缓慢 I$() 效果，且持有者身处水中和雨中时还会$(#0b5394)修复自身$()。"
    },
    {
      "type": "patchouli:spotlight",
      "item": "hexalia:ancient_seed",
      "text": "此物品只可通过$(l:hexalia:rituals/ritual_of_transmutation)嬗变仪式$()嬗变$(l:hexalia:items/ancient_seed)远古种子$()获得。"
    }
  ]
}