{
  "category": "hexalia:equipment",
  "name": "残暴卷心菜",
  "icon": "hexalia:rabbage",
  "sortnum": 1,
  "pages": [
    {
      "type": "patchouli:spotlight",
      "item": "hexalia:rabbage",
      "text": "这种卷心菜可以投掷出去，命中目标会给予其$(#990000)流血$()效果；该效果会在持续时间内不断造成伤害，与中毒类似。"
    },
    {
      "type": "patchouli:spotlight",
      "item": "hexalia:rabbage_seeds",
      "text": "此物品只可通过$(l:hexalia:rituals/ritual_of_transmutation)嬗变仪式$()嬗变甜菜种子获得。"
    }
  ]
}