{
  "name": "盔甲基础概念",
  "sortnum": 0,
  "category": "justdirethings:armor",
  "icon": "justdirethings:ferricore_chestplate",
  "pages": [
    {
      "type": "patchouli:text",
      "text": "各品质的材料均可用于制造同种盔甲。这些盔甲均有一系列的适配$(l:justdirethings:upgrades)升级$(/l)。$(br2)可在按住 Shift 时在其提示文本中找到可用升级的列表。"
    },
    {
      "type": "patchouli:text",
      "text": "合成对应升级物品，再在锻造台中放入盔甲和升级，即可加装升级。$(br2)可用升级锻造模板提升盔甲的品质，如此会保留先前的升级。"
    },
    {
      "type": "patchouli:text",
      "text": "手持工具时 Shift 点击打开界面，再点击盔甲即可打开它们的设置。点击界面中对应升级的图标可以启用或禁用它们。$(br2)右击各能力可以修改能力的设置（若有）和键位。被动能力的键位会切换能力启用与否，触发能力的键位会激活该能力。"
    },
    {
      "type": "patchouli:text",
      "text": "“生物扫描”等触发能力可设置为右击、左击或键位激活。此系统的详细信息参见$(l:justdirethings:upgrade_basics)升级基础概念$(/l)。$(br2)盔甲可在锻造台中升级，配方参见 JEI；如此操作会保留其上升级。"
    }
  ]
}
