{
  "name": "苍穹晶靴子",
  "sortnum": 12,
  "category": "justdirethings:armor",
  "icon": "justdirethings:celestigem_boots[justdirethings:forge_energy=10000]",
  "pages": [
    {
      "type": "patchouli:text",
      "text": "苍穹晶靴子以 FE 为能源，最多可容纳 10,000FE。为保持状态最优，可以通过$(l:justdirethings:item_pocket_generator)便携发电器$(/l)维持能量水平。"
    },
    {
      "type": "patchouli:crafting",
      "title": "苍穹晶靴子的配方",
      "recipe": "justdirethings:celestigem_boots"
    }
  ]
}
