{
  "name": "核源铁靴子",
  "sortnum": 4,
  "category": "justdirethings:armor",
  "icon": "justdirethings:ferricore_boots",
  "pages": [
    {
      "type": "patchouli:text",
      "text": "核源铁靴子专为冒险者为造，防御力和耐久度均略胜于铁靴子。它在升级后会获得多种能力，例如“跳跃提升”。"
    },
    {
      "type": "patchouli:crafting",
      "title": "核源铁靴子的配方",
      "recipe": "justdirethings:ferricore_boots"
    }
  ]
}
