{
  "name": "蚀空合金护腿",
  "sortnum": 22,
  "category": "justdirethings:armor",
  "icon": "justdirethings:eclipsealloy_leggings[justdirethings:forge_energy=500000]",
  "pages": [
    {
      "type": "patchouli:text",
      "text": "这副护腿正是为顶尖耐力而生，它能容纳高达 500,000FE 的能量。可以选用$(l:justdirethings:item_pocket_generator)便携发电器$(/l)保持能量水平和实际效能。"
    },
    {
      "type": "patchouli:crafting",
      "title": "蚀空合金护腿的配方",
      "recipe": "justdirethings:eclipsealloy_leggings"
    }
  ]
}
