{
  "name": "虚空辉凝胶",
  "sortnum": 3,
  "category": "justdirethings:goo",
  "icon": "justdirethings:gooblock_tier3",
  "pages": [
    {
      "type": "patchouli:text",
      "text": "虚空辉凝胶，其中灌注有末地的神秘能量，能将钻石转化为苍穹晶。这一品质的凝胶能够制造出性质出众的材料，诸如强大的能量存储能力，传送能力等。"
    },
    {
      "type": "patchouli:crafting",
      "title": "虚空辉凝胶的配方",
      "recipe": "justdirethings:gooblock_tier3"
    }
  ]
}
