{
  "name": "烈焰蕾凝胶",
  "sortnum": 2,
  "category": "justdirethings:goo",
  "icon": "justdirethings:gooblock_tier2",
  "pages": [
    {
      "type": "patchouli:text",
      "text": "烈焰蕾凝胶中聚有下界的火焰精华，能将金转化为烈焰金。这种材料蕴含着太阳的能量，具有更多合成和魔法用途。$(br2)烈焰蕾凝胶是中级炼金师的理想用材，它代表着资源操纵和精炼能力的一次进步。"
    },
    {
      "type": "patchouli:crafting",
      "title": "烈焰蕾凝胶的配方",
      "recipe": "justdirethings:gooblock_tier2"
    }
  ]
}
