{
  "name": "凝胶基础概念",
  "sortnum": 0,
  "category": "justdirethings:goo",
  "icon": "justdirethings:gooblock_tier1",
  "pages": [
    {
      "type": "patchouli:text",
      "text": "凝胶能够促进物质变形；将特定方块放在它旁边，它便会“改变”该方块。各品质的凝胶均能将方块转化成更高层级的资源，品级越高转化能力也越强。$(br2)这一系统会分阶段解锁新材料，并随之增强合成能力。"
    },
    {
      "type": "patchouli:text",
      "text": "凝胶的使用方式如下：$(br2)1. 合成一个凝胶方块，放置出来。$(br2)2. 给凝胶喂食它要求的资源，以此激活它。$(br2)3. 将有效方块毗邻激活的凝胶放置，即可开始转化。"
    },
    {
      "type": "patchouli:text",
      "text": "注意：在转化一个方块后，凝胶有 10% 的概率失活，需要再次喂食激活。失活的凝胶无法再开启转化，已在进行的转化不受影响。$(br2)更高品质凝胶可用的配方中包含低品质凝胶的配方，且加工速度更快。"
    }
  ]
}
