{
  "name": "烈焰推进手杖",
  "sortnum": 5,
  "category": "justdirethings:items",
  "icon": "justdirethings:blazejet_wand",
  "pages": [
    {
      "type": "patchouli:text",
      "text": "烈焰推进手杖是四处走动的绝佳方式！其中内置有“空气推进”能力。$(br2)右击可激活此能力（也可再工具设定界面中自定义键位），并向面朝的方向将你自己发射出去。"
    },
    {
      "type": "patchouli:text",
      "text": "更高品质手杖的功能更强，工具设置界面中有滑块可供调整此能力。$(br2)手持此手杖时不会受到摔落伤害。千万记住是拿在手里！$(br2)此工具也自带“熔岩修补”能力，投入熔岩源即可修复。"
    },
    {
      "type": "patchouli:crafting",
      "title": "烈焰推进手杖的配方",
      "recipe": "justdirethings:blazejet_wand"
    }
  ]
}
