{
  "name": "死亡召回图腾",
  "sortnum": 4,
  "category": "justdirethings:items",
  "icon": "justdirethings:totem_of_death_recall",
  "pages": [
    {
      "type": "patchouli:text",
      "text": "死亡召回图腾会在一次致命错误后给你第二次机会。放在物品栏中后，它会在死亡时激活，并绑定至你死亡的位置。$(br2)手持激活图腾长按右键即可传送到死亡点。图腾使用后会消失。"
    },
    {
      "type": "patchouli:crafting",
      "title": "死亡召回图腾的配方",
      "recipe": "justdirethings:totem_of_death_recall"
    }
  ]
}
