{
  "name": "高级多态化形手杖",
  "sortnum": 22,
  "category": "justdirethings:items",
  "icon": "justdirethings:polymorphic_wand_v2",
  "pages": [
    {
      "type": "patchouli:text",
      "text": "高级多态化形手杖是多态化形手杖的高级版。已有的“随机多态化形”能力依然可用，在此之上，它还新加入了“定向多态化形”能力！"
    },
    {
      "type": "patchouli:text",
      "text": "对生物 Shift 右击，即可将其类型存入手杖；再对其他生物使用，就能自动把它们变成所设定的生物！$(br2)手杖无法保存某些生物（可通过标签编辑）。$(br2)推荐将这两个能力绑定到不同的鼠标或键盘键位上。"
    },
    {
      "type": "patchouli:crafting",
      "title": "高级多态化形手杖",
      "recipe": "justdirethings:polymorphic_wand_v2"
    }
  ]
}
