{
  "name": "初级燃液发电器",
  "sortnum": 20,
  "category": "justdirethings:machines",
  "icon": "justdirethings:generatorfluidt1",
  "pages": [
    {
      "type": "patchouli:text",
      "text": "初级燃液发电器拓展了$(l:justdirethings:mach_generatort1)初级煤炭发电器$(/l)的能力，它使用各式精炼燃液，产能更加高效。$(br2)各类$(l:justdirethings:res_refined_fuel_t2)精炼燃液$(/l)可见燃液条目。现共有 3 种品质的燃液。"
    },
    {
      "type": "patchouli:crafting",
      "title": "初级燃液发电器",
      "recipe": "justdirethings:generatorfluidt1"
    }
  ]
}
