{
  "name": "初级方块破坏器",
  "sortnum": 3,
  "category": "justdirethings:machines",
  "icon": "justdirethings:blockbreakert1",
  "pages": [
    {
      "type": "patchouli:text",
      "text": "初级方块破坏器会使用镐、锹等工具破坏其前方的方块。它的运作需要工具，破坏方块时可能损伤该工具（或耗能），与玩家使用工具破坏方块的表现一致。"
    },
    {
      "type": "patchouli:crafting",
      "title": "初级方块破坏器",
      "recipe": "justdirethings:blockbreakert1"
    }
  ]
}
