{
  "name": "初级机器",
  "sortnum": 1,
  "category": "justdirethings:machines",
  "icon": "justdirethings:blockbreakert1",
  "pages": [
    {
      "type": "patchouli:text",
      "text": "初级机器中常见的控制项如下。$(br2)$(l)红石按钮$()$(br2)用于控制机器运作的条件。默认为“忽略红石”，也即机器会一直运作。$(br2)“低信号”表示机器只会在$(l)未$()收到红石信号时运作."
    },
    {
      "type": "patchouli:text",
      "text": "“高信号”意味着机器只会在收到红石信号时运转。$(br2)最后，“脉冲信号”能让机器在单次红石脉冲中只运行一次。对初级机器而言，这通常等价于做一件事，比如破坏一个方块。而对高级机器来说，可能就意味着破坏区域内所有的方块。"
    },
    {
      "type": "patchouli:text",
      "text": "$(l)速度（刻）按钮$()$(br2)用于控制机器启动时的运作速度。默认为 20，即每秒（20 刻）运作一次。$(br2)此选项最低可降至 1，也即每刻都运作，或每秒运作 20 次。最好非必要不使用此类设置，否则可能会导致卡顿。"
    }
  ]
}
