{
  "name": "悖论机器",
  "sortnum": 22,
  "category": "justdirethings:machines",
  "icon": "justdirethings:paradoxmachine",
  "pages": [
    {
      "type": "patchouli:text",
      "text": "悖论机器即是时间操纵技术的新一代产物！$(br2)它能够保存世界中一块区域的“快照”，也即记录你按下按钮那一刻该区域的实体和方块。$(br2)它还能回溯时间，让区域回到快照中的状态。"
    },
    {
      "type": "patchouli:text",
      "text": "首先，放置机器并指定其作业区域，方式与大多数高级机器一致。$(br2)然后，在需保存的区域中放置任意矿石方块或任意实体。$(br2)最后，按下机器界面中的“保存区域快照”按钮。"
    },
    {
      "type": "patchouli:text",
      "text": "机器的运作需要大量能量和时间流体。在清空区域中有关方块和实体后启动机器，清走的方块和实体便会重新出现！$(br2)注意：界面中有按钮可调整回溯仅“实体”、仅“方块”，或“方块和实体”。"
    },
    {
      "type": "patchouli:text",
      "text": "不过从实际功能上来说，悖论机器并没有将实体和方块回溯到先前的某个时间点。$(br2)它更类似于从某个平行宇宙里拉来了那些实体，遵循的是那个宇宙的时间流，回溯到的是那边的过去。科技真是奇妙！$(br2)也就是说，复原得到的实体和快照里的实体不一定会$(l)完全$()一致。"
    },
    {
      "type": "patchouli:text",
      "text": "$(bold)警告！！！$()$(br2)过度使用此机器可能导致时空连续体的损坏，有可能出现$(l:justdirethings:misc_paradox)悖论$(/l)等副作用！机器会监测悖论能量的累积，并显示于界面中。$(br2)请酌情使用。$(br2)他们真该把警告印在咒语前面。"
    },
    {
      "type": "patchouli:crafting",
      "title": "悖论机器",
      "recipe": "justdirethings:paradoxmachine"
    }
  ]
}
