{
  "name": "高级替换器",
  "sortnum": 14,
  "category": "justdirethings:machines",
  "icon": "justdirethings:blockswappert2",
  "pages": [
    {
      "type": "patchouli:text",
      "text": "高级替换器是$(l:justdirethings:mach_blockswappert1)初级替换器$(/l)的升级版。$(br2)升级而得的特性主要包括区域扩大和目标过滤。$(br2)与另一个替换器绑定时，“半径”设置会在两者间同步；也即在一个替换器出改变半径，这些设置就会复制到配对的替换器中去。"
    },
    {
      "type": "patchouli:text",
      "text": "高级替换器能够在两个位置间传送整栋房子，连带房子里的所有东西一起。也可以将所有的幼年动物传送到另一处。$(br2)可以用生物捕捉器过滤，以实现精确匹配。捕获一只蓝色绵羊（或美西螈），再在设定中启用“匹配 NBT”即可；如此便只会传送蓝色绵羊。如果改为“黑名单”，则所有不是蓝色的绵羊都会被传送。"
    },
    {
      "type": "patchouli:crafting",
      "title": "高级替换器",
      "recipe": "justdirethings:blockswappert2"
    }
  ]
}
