{
  "name": "蚀空燃液",
  "sortnum": 29,
  "category": "justdirethings:resources",
  "icon": "justdirethings:refined_t4_fluid_bucket",
  "pages": [
    {
      "type": "patchouli:text",
      "text": "蚀空燃液的原料是未精炼的蚀空燃液。第一步需向$(l:justdirethings:res_refined_fuel_t3)虚炎燃液$(/l)中投入$(l:justdirethings:res_coal_t4)蚀空烬质$(/l)。再在暗影脉凝胶旁边倒出所得流体即可。这种燃液的品质最高，每刻产能速度和总产能也最高，是高级机器与设施的理想能源物质。"
    },
    {
      "type": "patchouli:text",
      "text": "蚀空燃液是一种高效的燃料，可在$(l:justdirethings:mach_generatorfluidt1)燃液发电器$(/l)中用于产生能量。"
    }
  ]
}
