{
  "name": "粗蚀空合金矿簇",
  "sortnum": 6,
  "category": "justdirethings:resources",
  "icon": "justdirethings:raw_eclipsealloy_ore",
  "pages": [
    {
      "type": "patchouli:text",
      "text": "暗影脉凝胶会将下界合金块转化成粗蚀空合金矿簇。挖掘它会掉落粗蚀空合金，这种材料可以烧炼为$(l:justdirethings:res_eclipsealloy)蚀空合金锭$(/l)。"
    },
    {
      "type": "patchouli:spotlight",
      "item": "justdirethings:raw_eclipsealloy",
      "text": "破坏粗蚀空合金矿簇时会掉落粗蚀空合金"
    }
  ]
}
