{
  "name": "核源铁锭",
  "sortnum": 1,
  "category": "justdirethings:resources",
  "icon": "justdirethings:ferricore_ingot",
  "pages": [
    {
      "type": "patchouli:text",
      "text": "核源铁锭由粗核源铁烧炼而来，粗矿又是由$(l:justdirethings:res_ferricore_raw)粗核源铁矿簇$(/l)掉落而来。这些铸锭的耐用性和强度均得到了提升，可以看做普通铁的上位替代品。"
    },
    {
      "type": "patchouli:smelting",
      "title": "烧炼粗核源铁",
      "recipe": "justdirethings:ferricore_ingot_smelted"
    }
  ]
}
