{
  "name": "苍穹晶斧",
  "sortnum": 16,
  "category": "justdirethings:tools",
  "icon": "justdirethings:celestigem_axe[justdirethings:forge_energy=10000]",
  "pages": [
    {
      "type": "patchouli:text",
      "text": "由$(l:justdirethings:tool_blazegold_axe)烈焰金斧$(/l)升级而来，此斧使用 FE，容量为 10,000FE。可用$(l:justdirethings:item_pocket_generator)便携发电器$(/l)维持能量充足。"
    },
    {
      "type": "patchouli:crafting",
      "recipe": "justdirethings:celestigem_axe",
      "text": "苍穹晶斧的配方"
    }
  ]
}
