{
  "name": "烈焰金弓",
  "sortnum": 12,
  "category": "justdirethings:tools",
  "icon": "justdirethings:bow_blazegold",
  "pages": [
    {
      "type": "patchouli:text",
      "text": "比$(l:justdirethings:tool_ferricore_bow)核源铁弓$(/l)更强劲。拥有“熔岩修补”。$(br2)它还有 2 个槽位用于存放$(l:justdirethings:item_potion_canister)药水罐$(/l)。"
    },
    {
      "type": "patchouli:crafting",
      "recipe": "justdirethings:bow_blazegold",
      "text": "烈焰金弓的配方"
    }
  ]
}
