{
  "name": "蚀空合金斧",
  "sortnum": 23,
  "category": "justdirethings:tools",
  "icon": "justdirethings:eclipsealloy_axe[justdirethings:forge_energy=500000]",
  "pages": [
    {
      "type": "patchouli:text",
      "text": "蚀空合金斧能以极高效率砍伐树木，能量上限也抬高许多。$(br2)它正是为极其劳累的伐木作业而造的。"
    },
    {
      "type": "patchouli:crafting",
      "recipe": "justdirethings:eclipsealloy_axe",
      "text": "蚀空合金斧的配方"
    }
  ]
}
