{
  "name": "苍穹晶剑",
  "sortnum": 13,
  "category": "justdirethings:tools",
  "icon": "justdirethings:celestigem_sword[justdirethings:forge_energy=10000]",
  "pages": [
    {
      "type": "patchouli:text",
      "text": "$(l:justdirethings:tool_blazegold_sword)烈焰金剑$(/l)的升级版本，此剑使用 FE 而非耐久度。它最多能装下 10,000FE，推荐配备$(l:justdirethings:item_pocket_generator)便携发电器$(/l)保证能量供应。"
    },
    {
      "type": "patchouli:crafting",
      "recipe": "justdirethings:celestigem_sword",
      "text": "苍穹晶剑的配方"
    }
  ]
}
