{
  "name": "苍穹晶锄",
  "sortnum": 17,
  "category": "justdirethings:tools",
  "icon": "justdirethings:celestigem_hoe[justdirethings:forge_energy=10000]",
  "pages": [
    {
      "type": "patchouli:text",
      "text": "由$(l:justdirethings:tool_blazegold_hoe)烈焰金锄$(/l)升级而来，苍穹晶使用 FE，而非耐久度。此锄能开垦出虚空辉壤。$(br2)如果锄上加装有“掉落物传送”能力，且已绑定至某容器，则开垦出的耕地会将自动收获的产物存入其中。"
    },
    {
      "type": "patchouli:crafting",
      "recipe": "justdirethings:celestigem_hoe",
      "text": "苍穹晶锄的配方"
    }
  ]
}
