{
  "name": "蚀空合金锹",
  "sortnum": 22,
  "category": "justdirethings:tools",
  "icon": "justdirethings:eclipsealloy_shovel[justdirethings:forge_energy=500000]",
  "pages": [
    {
      "type": "patchouli:text",
      "text": "在搬运大量材料的作业效率上，蚀空合金锹凭借庞大的能量容量立于顶点，无工具能出其之右。$(br2)此锹足以胜任最艰苦的挖掘工作。"
    },
    {
      "type": "patchouli:crafting",
      "recipe": "justdirethings:eclipsealloy_shovel",
      "text": "蚀空合金锹的配方"
    }
  ]
}
