{
  "name": "核源铁剑",
  "sortnum": 1,
  "category": "justdirethings:tools",
  "icon": "justdirethings:ferricore_sword",
  "pages": [
    {
      "type": "patchouli:text",
      "text": "核源铁剑是一柄坚韧的近战武器，略强于穿透的铁剑。它由核源铁制成；这种材料不只带来了更高的伤害，也为进一步升级、增强战斗表现打下了基础。"
    },
    {
      "type": "patchouli:crafting",
      "recipe": "justdirethings:ferricore_sword",
      "text": "核源铁剑的配方"
    }
  ]
}
