{
  "name": "苍穹晶弓",
  "sortnum": 18,
  "category": "justdirethings:tools",
  "icon": "justdirethings:bow_celestigem[justdirethings:forge_energy=10000]",
  "pages": [
    {
      "type": "patchouli:text",
      "text": "苍穹晶弓超乎$(l:justdirethings:tool_blazegold_bow)烈焰金弓$(/l)之上，不再使用耐久度，而是换用 FE。它最多能容纳 10,000FE，足够长时间使用。$(br2)此弓有 3 个“药水罐槽”，可供附加状态效果。放入$(l:justdirethings:item_potion_canister)药水罐$(/l)即可加强箭矢。"
    },
    {
      "type": "patchouli:crafting",
      "recipe": "justdirethings:bow_celestigem",
      "text": "苍穹晶弓的配方"
    }
  ]
}
