{
  "name": "重锤",
  "sortnum": 1,
  "category": "justdirethings:upgrades",
  "icon": "justdirethings:upgrade_hammer",
  "pages": [
    {
      "type": "patchouli:text",
      "text": "重锤升级能够拓展你的采掘能力。这一强力升级可以单次破坏多个方块，以此提升挖掘工作的速度和效率。$(br2)加装于烈焰金镐时，可按照 3x3 挖掘。苍穹晶则可按照 5x5，蚀空合金为 7x7。点击设置界面中此升级的按钮可以切换模式。"
    },
    {
      "type": "patchouli:crafting",
      "title": "重锤升级的配方",
      "recipe": "justdirethings:upgrade_hammer"
    }
  ]
}
