{
  "name": "减益移除",
  "sortnum": 1,
  "category": "justdirethings:upgrades",
  "icon": "justdirethings:upgrade_debuffremover",
  "pages": [
    {
      "type": "patchouli:text",
      "text": "减益移除升级会自动清除你身上的负面效果，让你时刻保持最佳格斗状态。$(br2)此能力需要激活才可使用，因此需在工具设定界面中绑定键位。在使用后它也会进入冷却。"
    },
    {
      "type": "patchouli:crafting",
      "title": "减益移除升级的配方",
      "recipe": "justdirethings:upgrade_debuffremover"
    }
  ]
}
