{
  "name": "时间保护",
  "sortnum": 1,
  "category": "justdirethings:upgrades",
  "icon": "justdirethings:upgrade_time_protection",
  "pages": [
    {
      "type": "patchouli:text",
      "text": "$(l:justdirethings:res_time_crystal)时间水晶$(/l)真是好用！不过，随身携带有时也会产生些意料之外的副作用。而且在进一步研究后，它可能会打开时间修改学领域的大门，也许还能助你直接修改时间。$(br2)加装此升级后，它便会保护你免受玩弄时间所致的奇怪效果！"
    },
    {
      "type": "patchouli:crafting",
      "title": "时间保护升级的配方",
      "recipe": "justdirethings:upgrade_time_protection"
    }
  ]
}
