{
  "name": "游泳速度",
  "sortnum": 1,
  "category": "justdirethings:upgrades",
  "icon": "justdirethings:upgrade_swimspeed",
  "pages": [
    {
      "type": "patchouli:text",
      "text": "游泳速度升级可让你在水体里的行动变得格外敏捷。此能力会大幅提升游泳速度，水下探索也因此速度加快。$(br2)更高品质盔甲的游泳速度也更快。设置界面中有滑块可供调整。"
    },
    {
      "type": "patchouli:crafting",
      "title": "游泳速度升级的配方",
      "recipe": "justdirethings:upgrade_swimspeed"
    }
  ]
}
