{
  "name": "意识摧毁",
  "sortnum": 1,
  "category": "justdirethings:upgrades",
  "icon": "justdirethings:upgrade_noai",
  "pages": [
    {
      "type": "patchouli:text",
      "text": "意识摧毁升级能够禁用目标生物的 AI。受影响的生物会永远失去意识，其脑部将被时间锁定，它也不会再自主行动。$(br2)此能力需要激活才可使用，因此需在工具设定界面中绑定键位。"
    },
    {
      "type": "patchouli:crafting",
      "title": "意识摧毁升级的配方",
      "recipe": "justdirethings:upgrade_noai"
    }
  ]
}
