{
  "name": "矿石扫描",
  "sortnum": 1,
  "category": "justdirethings:upgrades",
  "icon": "justdirethings:upgrade_orescanner",
  "pages": [
    {
      "type": "patchouli:text",
      "text": "矿石扫描升级需激活使用，适用于核源铁及以上的镐。激活后，附近的矿石会散发出粒子；这些粒子隔着方块也能看见，但不同矿石不会进行区分。"
    },
    {
      "type": "patchouli:crafting",
      "title": "矿石扫描升级的配方",
      "recipe": "justdirethings:upgrade_orescanner"
    }
  ]
}
