{
  "name": "矿石采掘",
  "sortnum": 1,
  "category": "justdirethings:upgrades",
  "icon": "justdirethings:upgrade_oreminer",
  "pages": [
    {
      "type": "patchouli:text",
      "text": "矿石采掘升级无需激活，适用于核源铁及以上的镐。它会自动挖掘所有相连的矿石，相当于只对矿石有效的全自动“连锁挖掘”。"
    },
    {
      "type": "patchouli:crafting",
      "title": "矿石采掘升级的配方",
      "recipe": "justdirethings:upgrade_oreminer"
    }
  ]
}
