{
  "name": "震地",
  "sortnum": 1,
  "category": "justdirethings:upgrades",
  "icon": "justdirethings:upgrade_groundstomp",
  "pages": [
    {
      "type": "patchouli:text",
      "text": "震地升级能够唤出地震的力量。激活时，此升级会制造出一道冲击波，击退附近实体。$(br2)此能力需要激活才可使用，因此需要分配键位。"
    },
    {
      "type": "patchouli:crafting",
      "title": "震地升级的配方",
      "recipe": "justdirethings:upgrade_groundstomp"
    }
  ]
}
