{
  "name": "灭火",
  "sortnum": 1,
  "category": "justdirethings:upgrades",
  "icon": "justdirethings:upgrade_extinguish",
  "pages": [
    {
      "type": "patchouli:text",
      "text": "灭火升级能助你抵御各种火焰危害。这一便捷升级能够自动扑灭玩家身上的火焰，可令你免遭烈焰人突然出现之苦。$(br2)注意：此升级在能再次灭火前有冷却时间。盔甲的品质越高，冷却时间也越短。"
    },
    {
      "type": "patchouli:crafting",
      "title": "灭火升级的配方",
      "recipe": "justdirethings:upgrade_extinguish"
    }
  ]
}
