{
  "name": "Grove Supplication",
  "icon": "roots:ritual_grove_supplication",
  "category": "rituals",
  "priority": true,
  "sortnum": 2,
  "pages": [
    {
      "type": "text",
      "text": "Supplicates and entreats whatever energy of the Fey world that still lingers in this world to anchor a $(l:crafting/grove_stone)Grove Stone$().$(br2)Once anchored, the stone will light up and become animated, as well as producing leaf particles, some of which will travel to nearby $(l:crafting/fey_crafter)fey crafters$().$(br2)The stone will also begin producing grass and rare flowers."
    },
    {
      "type": "pyre_template",
      "ritual": "ritual_grove_supplication",
      "text": "As a $(l:rituals/tiers)$(bold)tier I$() ritual, $(l:rituals/ritual_grove_supplication#multiblock)a grove stone$() is required for the ritual to be effective."
    },
    {
      "type": "multiblock",
      "anchor": "multiblock",
      "multiblock": {
        "mapping": {
          "0": "roots:pyre",
          "1": "roots:grove_stone[facing=north,half=bottom,valid=false]",
          "2": "roots:grove_stone[facing=north,half=middle,valid=false]",
          "3": "roots:grove_stone[facing=north,half=top,valid=false]"
        },
        "pattern": [
          ["       ","       ","       ","3      ","       ","       ","       "],
          ["       ","       ","       ","2      ","       ","       ","       "],
          ["       ","       ","       ","1  0   ","       ","       ","       "]
        ]
      },
      "text": "The ritual requires an inactive $(l:rituals/grove_stone)grove stone$() to activate."
    },
    {
      "type": "text",
      "title": "Ritual Specifics",
      "text": "$(bold)Duration:$() The ritual lasts $(ritual:grove_supplication/SECONDS/duration) seconds. If an inactive grove stone is not found nearby by the end of the ritual, it will fail.$(br2)$(bold)Size:$() The ritual will search for grove stones within an area of $(ritual:grove_supplication/radius_x) and $(ritual:grove_supplication/radius_z) blocks horizontally, and by $(ritual:grove_supplication/radius_y) blocks vertically."
    },
    {
      "type": "relations",
      "anchor": "related",
      "entries": [
        "crafting/grove_stone",
        "crafting/fey_crafter",
        "crafting/runic_crafter"
      ]
    }
  ]
}