{
  "name": "蜂王浆",
  "icon": "complicated_bees:royal_jelly",
  "category": "complicated_bees:other",
  "advancement": "complicated_bees:recipes/misc/centrifuge",
  "pages": [
    {
      "type": "patchouli:text",
      "text": "蜂王浆是一种特殊物质，可用来喂养还在长身体的蜂后。某些蜜脾在离心处理后会产出蜂王浆，它本身也能用到许多配方中去，同时还是$(l:machines/microscope)显微镜$()的研究材料和蜂房组突变器的运作所需。"
    }
  ]
}