{
  "name": "显微镜",
  "icon": "complicated_bees:microscope",
  "category": "complicated_bees:machines",
  "advancement": "complicated_bees:recipes/misc/microscope",
  "pages": [
    {
      "type": "patchouli:text",
      "text": "显微镜是研究样本时无价的得力助手。$(br2)往右上角的槽位中放入蜜蜂开始研究，即会开始研究小游戏。"
    },
    {
      "type": "patchouli:crafting",
      "recipe": "complicated_bees:microscope",
      "title": "显微镜",
      "text": "$(o)我该从哪头看进去？$(br2)$()小游戏的难度由蜂种的复杂程度决定；蜂种在突变树上越靠近叶节点，其复杂度就越高。"
    },
    {
      "type": "patchouli:text",
      "text": "为协助通关小游戏，可在样板下方的高亮槽位放入任意种类的蜜蜂或蜂王浆。点击箭头即会消耗这些物品，并提供一定提示；样本蜜蜂越复杂，获得提示要耗费的蜜蜂就越多。"
    },
    {
      "type": "patchouli:text",
      "text": "通过小游戏后，即会从样本蜜蜂的主品种参与的突变中随机选取一种进行$(l)研究$()。此后，在$(l)你所放置的蜂房$()中，该突变的发生概率会增加 20%。"
    }
  ]
}