{
  "name": "范围效果构型",
  "icon": "arcanuscontinuum:textures/spell_components/shapes/colored/aoe_shape.png",
  "category": "arcanuscontinuum:spellcraft",
  "sortnum": 11,
  "advancement": "arcanuscontinuum:arcane/wizard_level_9",
  "pages": [
    {
      "type": "patchouli:text",
      "text": "重量：非常重$(br)魔力消耗：0$(br)魔力倍率：+300%$(br)效力修正：+0%$(br)冷却时长：3秒$(br2)描述：$(br)生成一个大型魔法结界，该结界将在消散前重复施放法术中的法术效果与链式法术构型三次。"
    },
    {
      "type": "patchouli:image",
      "border": true,
      "images": [
        "arcanuscontinuum:textures/gui/patchouli/entries/shapes/aoe_shape.png"
      ]
    }
  ]
}
