{
  "name": "自我构型",
  "icon": "arcanuscontinuum:textures/spell_components/shapes/colored/self_shape.png",
  "category": "arcanuscontinuum:spellcraft",
  "sortnum": 2,
  "advancement": "arcanuscontinuum:arcane/wizard_level_1",
  "pages": [
    {
      "type": "patchouli:text",
      "text": "重量：非常轻$(br)魔力消耗：0$(br)魔力倍率：-15%$(br)效力修正：+0%$(br)冷却时间：0.65秒$(br2)描述：$(br)用魔法能量覆盖施法者，将法术效果直接作用于施法者自身，之后的任何链式法术构型按原样生效。"
    },
    {
      "type": "patchouli:image",
      "border": true,
      "images": [
        "arcanuscontinuum:textures/gui/patchouli/entries/shapes/self_shape.png"
      ]
    }
  ]
}
