{
  "name": "Propolis",
  "icon": "complicated_bees:propolis",
  "category": "complicated_bees:bee_products",
  "advancement": "complicated_bees:apiary",
  "turnin": "complicated_bees:propolis",
  "pages": [
    {
      "type": "patchouli:text",
      "text": "Propolis, also known as bee glue, is a resin-like material used as a protective barrier inside some types of bee nests. Obtained by centrifuging certain types of combs, it can be centrifuged into silk and (rarely) slimeballs."
    },
    {
      "type": "patchouli:crafting",
      "recipe": "complicated_bees:string_from_silk"
    }
  ]
}