{
  "name": "自动傀儡",
  "icon": "mythicmobs:automaton_spawn_egg",
  "category": "mythicmobs:mobs",
  "pages": [
    {
      "type": "text",
      "text": "自动傀儡是村庄的新守护者。这些综错复杂且有感知的造物被精确而有目的地创造。它们比铁傀儡更强壮和凶猛，可以用青铜锭修复。"
    },
    {
      "type": "image",
      "images": [
        "mythicmobs:other/images/automaton.png"
      ],
      "text": "伟大的守护者",
      "border": true
    }
  ]
}
