{
  "name": "卓柏卡布拉",
  "icon": "mythicmobs:chupacabra_spawn_egg",
  "category": "mythicmobs:mobs",
  "pages": [
    {
      "type": "text",
      "text": "卓柏卡布拉是传说中在夜间游荡的生物。这种红眼尖牙的生物酷爱捕食家畜。小心它迅捷而无声的攻击，它们潜伏在黑暗的角落和偏远的区域。"
    },
    {
      "type": "image",
      "images": [
        "mythicmobs:other/images/chupacabra.png"
      ],
      "text": "牧羊人的威胁",
      "border": true
    }
  ]
}
