
{
  "processor": "epicsquid.roots.integration.patchouli.SpellModifierProcessor",
  "components": [
    {
      "type": "item",
      "item": "#core",
      "framed": false,
      "x": 49,
      "y": 15
    },
    {
      "type": "header",
      "text": "#name",
      "x": -1,
      "y": -2
    },
    {
      "type": "text",
      "text": "#cost",
      "x": 71,
      "y": 19
    },
    {
      "type": "header",
      "text": "消耗",
      "x": -1,
      "y": 38
    },
    {
      "type": "text",
      "text": "#additions",
      "x": 1,
      "y": 48
    },
    {
      "type": "text",
      "text": "#conflicts",
      "x": 1,
      "y": 70
    },
    {
      "type": "header",
      "text": "描述",
      "x": -1,
      "y": 117
    },
    {
      "type": "text",
      "text": "#description",
      "x": 1,
      "y": 126
    },
    {
      "type": "image",
      "image": "roots:textures/gui/patchouli/elements.png",
      "x": 45,
      "y": 11,
      "u": 0,
      "v": 0,
      "width": 24,
      "height": 24
    }
  ]
}