{
  "name": "新凝胶和其他东西",
  "sortnum": 3,
  "category": "justdirethings:justdynathings",
  "icon": "justdynathings:creative_goo",
  "pages": [
    {
      "type": "patchouli:text",
      "text": "新等级的凝胶和 FE 驱动的凝胶。"
    },
    {
      "type": "patchouli:crafting",
      "title": "高能凝胶",
      "recipe": "justdynathings:energized_goo",
      "text": "需要 $(bold)Forge 能量$()保持激活状态的新凝胶。$(br)凝胶等级：$(bold)5$()"
    },
    {
      "type": "patchouli:crafting",
      "title": "创造凝胶",
      "recipe": "justdynathings:creative_goo",
      "text": "不会失活的简单凝胶。$(br)可由任意扳手激活或失活。$(br)凝胶等级：$(bold)MAX$()"
    },
    {
      "type": "patchouli:text",
      "title": "老凝胶的充能版本",
      "text": "1 到 4 级的凝胶也可转换成“充能形态”。主要是为各位内容创作者们准备的。"
    },
    {
      "type": "patchouli:crafting",
      "recipe": "justdynathings:charged_primogel_goo",
      "recipe2": "justdynathings:charged_blazebloom_goo"
    },
    {
      "type": "patchouli:crafting",
      "recipe": "justdynathings:charged_voidshimmer_goo",
      "recipe2": "justdynathings:charged_shadowpulse_goo"
    }
  ]
}
