{
  "name": "悖论，简化生活！",
  "sortnum": 12,
  "category": "justdirethings:justdynathings",
  "icon": "justdynathings:paradox_mixer",
  "pages": [
    {
      "type": "patchouli:crafting",
      "title": "悖论混合器",
      "recipe": "justdynathings:paradox_mixer",
      "text": "一个不稳定方块，可以批量执行投入流体配方。$(br)需要至少一台激活的稳定器。$(br)$(br)$(italic)*Patchouli 的渲染器不支持自定义渲染*$()"
    },
    {
      "type": "patchouli:multiblock",
      "multiblock": {
        "pattern": [["G"], ["R"], ["0"]],
        "mapping": {
          "G": "justdynathings:paradox_mixer[alive=false]",
          "R": "justdynathings:stabilizer[active=true,facing=down,goo_found=true,energized=true]"
        }
      },
      "enable_visualize": false
    }
  ]
}
