{
  "name": "烧焦的树",
  "icon": "mysticalworld:charred_log",
  "category": "blocks",
  "pages": [
    {
      "type": "spotlight",
      "link_recipe": true,
      "item": "mysticalworld:charred_log",
      "text": "能在发生森林大火或者闪电击中树木的地方找到。这些原木主要用于装饰。$(br2)此外，还能用打火石主动将原木烧焦，该合成不会消耗打火石，只会消耗其耐久。你也可以使用火焰弹合成，但是火焰弹会被消耗。"
    },
    {
      "type": "crafting",
      "recipe": "mysticalworld:charred_wood_eight",
      "recipe2": "mysticalworld:charred_wood"
    },
    {
      "type": "crafting",
      "link_recipe": true,
      "recipe": "mysticalworld:charred_planks",
      "text": "烧焦的原木可以用一般方式合成木板。"
    },
    {
      "type": "crafting",
      "link_recipe": true,
      "recipe": "mysticalworld:charred_stairs",
      "recipe2": "mysticalworld:charred_slab",
      "text": "烧焦的木板可以合成为多种装饰性方块。"
    },
    {
      "type": "crafting",
      "recipe": "mysticalworld:charred_wall",
      "recipe2": "mysticalworld:charred_fence",
      "link_recipe": true
    },
    {
      "type": "crafting",
      "link_recipe": true,
      "recipe": "mysticalworld:charred_fence_gate",
      "recipe2": "mysticalworld:charred_button"
    },
    {
      "type": "crafting",
      "link_recipe": true,
      "recipe": "mysticalworld:charred_pressure_plate"
    },
    {
      "type": "smelting",
      "recipe": "mysticalworld:charred_log"
    }
  ]
}
