{
  "name": "item.arsomega.sigil_fire",
  "icon": "arsomega:sigil_fire_active",
  "category": "arsomega:sigils",
  "pages": [
    {
      "type": "patchouli:spotlight",
      "item": "arsomega:sigil_fire",
      "text": "火之印记代表火元素。",
      "link_recipe": "true"
    },
    {
      "type": "text",
      "text": "Recipe: $(br) x - x x x - x $(br) - x - - - x - $(br) x - x - x - x $(br) x - - B - - x $(br) x - x - x - x $(br) - x - - - x - $(br) x - x x x - x $(br) $(br)Source cost: 500"
    },
    {
      "type": "text",
      "text": "火之印记可被火元素激活。"
    },
    {
      "type": "patchouli:crafting",
      "recipe": "arsomega:sigil_fire_active"
    }
  ]
}