{
    "name": "流化器部件",
    "description": "一个完整的流化器应由以下方块构成。$(br2)所有方块都是必需的，除了流化器玻璃，流化器玻璃可用于代替机器四个垂直面中的流化器外壳和流化器输入口。$(br2)流化器输入口的数量与类型将会定义该流化器的$(l:bigreactors:fluidizer/operational_mode)操作模式$(/l)。",
    "icon": "bigreactors:fluidizercontroller",
    "parent": "bigreactors:fluidizer",
    "sortnum": 5
}
