{
    "name": "高级末影珍珠",
    "icon": "endreborn:item_advanced_ender_pearl",
    "category": "tools",
"advancement": "endreborn:endreborn/mine_essence",
    "priority": true,
    "pages": [
        {
            "type": "text",
            "text": "通过对精华的研究，我在尝试让末影珍珠没有冷却时间不断的传送。我需要实验一下。"
        },
	{
            "type": "crafting",
            "recipe": "endreborn:items/item_advanced_ender_pearl"
        }
    ]
}