{
  "name": "作者的话",
  "icon": "minecraft:skull:3{SkullOwner:'IterationFunk'}",
  "category": "5_funk",
  "sortnum": 0,
  "pages": [
    {
      "type": "text",
      "text": "Hiya，我是 IterationFunk ，一名来自于瑞典的 25 岁开发者。我于$(item)2017$()年的$(item)夏天$()开始着手开发 Deep Mob Learning，这是我初涉 mod 开发的牛刀小试之作。$(br2)在这之前我也尝试过进行 mod 开发，但那时我对$(item)Java$()以及与Java相关的程序还不是很熟悉。"
    },
    {
      "type": "text",
      "text": "我在 1.4.6 版本时开始了解到 mod 的相关信息，那时候，$(item)IC2$() 以及 $(item)Thermal Expansion$()（RIP Tesseracts）如日中天，人气极高。从那之后，我便开始断断续续地玩 mc 了，而在我创建了我的 $(l:https://www.youtube.com/user/Niklas939393/videos)Youtube 频道$()之后，我几乎每天都在玩这款游戏。$(br2)我很高兴我能够加入这个社区，我也衷心的希望你能享受本 $(item)Mod$() 能够给你带来欢乐时光！"
    }
  ]
}