{
  "category": "hexalia:resources",
  "name": "元素结点",
  "icon": "hexalia:fire_node",
  "sortnum": 3,
  "pages": [
    {
      "type": "patchouli:text",
      "text": "元素结点是各种基本元素的象征，仪式和部分合成配方中会用到。$(br2)这些物品由紫水晶碎片在$(l:hexalia:rituals/ritual_of_transmutation)嬗变仪式$()中转化而来。"
    },
    {
      "type": "hexalia:transmutation",
      "recipe": "hexalia:air_node_transmutation"
    },
    {
      "type": "hexalia:transmutation",
      "recipe": "hexalia:water_node_transmutation"
    },
    {
      "type": "hexalia:transmutation",
      "recipe": "hexalia:earth_node_transmutation"
    },
    {
      "type": "hexalia:transmutation",
      "recipe": "hexalia:fire_node_transmutation"
    }
  ]
}