{
  "name": "词缀",
  "icon": "patchouli:guide_book{\"patchouli:book\":\"deepmoblearning:book\"}",
  "category": "2_trials",
  "sortnum": 2,
  "pages": [
    {
      "type": "text",
      "text": "$(item)词缀$()会决定$(l:2_trials/1_trials)试炼$()中发生的事件。每种$(item)词缀$()触发的事件都不一样，一个$(item)词缀$()能够$(item)增强$()或$(item)削弱$()$(br)$(item)玩家$() / $(item)怪物$()，或一些$(br)世界内事件。$(br2)以下会为你介绍$(item)词缀$()的各个种类。"
    },
    {
      "type": "text",
      "title": "速度",
      "text": "这个$(item)词缀$()会让$(l:2_trials/1_trials)试炼$()中的$(item)怪物$()获得永久的速度效果。$(br2)不会影响$(item)玩家$()或其他$(item)词缀$()生成的$(item)怪物$()。"
    },
    {
      "type": "text",
      "title": "再生之宴",
      "text": "这个$(item)词缀$()有时会在时空中撕开一道口子，并从这道口子中丢出$(item)滞留型再生药水$()。"
    },
    {
      "type": "text",
      "title": "故障增强",
      "text": "这个$(item)词缀$()会$(item)增强$()$(br)$(l:2_trials/1_trials)试炼$()中的$(l:3_system_malfunction/0_system_glitches)系统故障者$()。$(br2)它们会获得更高的$(item)生命$()，会发射更多的$(item)故障心脏$()，同时会造成更高的$(item)伤害$()。"
    },
    {
      "type": "text",
      "title": "击退免疫",
      "text": "这个$(item)词缀$()将永久性给$(item)怪物$()提供$(item)击退免疫$()。$(br2)不会影响$(item)玩家$()或其他$(item)词缀$()所生成的$(item)怪物$()。"
    },
    {
      "type": "text",
      "title": "烈焰入侵者",
      "text": "这个$(item)词缀$()有时会让$(item)烈焰人$()生成在$(l:2_trials/1_trials)试炼$()中。$(br2)小心不要让自己$(item)烧着$()"
    },
    {
      "type": "text",
      "title": "战利品收藏家",
      "text": "这个$(item)词缀$()会在$(l:2_trials/1_trials)试炼$()里生成更小更贪婪的$(item)僵尸$()。$(br2)他们也许会带着$(item)奖励$()。"
    },
    {
      "type": "text",
      "title": "雷！！",
      "text": "这个$(item)词缀$()会在$(l:2_trials/1_trials)试炼$()中增加$(item)闪电生成几率$()。$(br2)偶尔会生成$(item)闪电爬行者$()和$(item)女巫$()。"
    }
  ]
}