{
  "name": "数据",
  "icon": "deepmoblearning:deep_learner",
  "category": "0_introduction",
  "sortnum": 1,
  "pages": [
    {
      "type": "text",
      "text": "在你获得回报之前，你需要收集关于一些与怪物相关的$(item)数据$()，而$(item)深度学习器$()可以担此大任。$(br2)$(item)深度学习器$()会在你击杀怪物时进行数据探测。"
    },
    {
      "type": "recipelookup",
      "recipe": "deepmoblearning:deep_learner",
      "text": "它能够将你所遭遇的怪物转变为$(item)数据$()，前提是你把对应怪物的$(l:0_introduction/2_data_models)数据模型$()放在了$(item)深度学习器$()里。$(br2)$(item)深度学习器$()能够同时挂载4个$(l:0_introduction/2_data_models)数据模型$()。"
    },
    {
      "type": "spotlight",
      "item": "deepmoblearning:deep_learner",
      "text": "如果你的$(item)主手$()或$(item)副手$()持有$(item)深度学习器$()，屏幕上会出现一个HUD，它会告诉你还需要多少$(item)数据$()量才能提升$(l:0_introduction/2_data_models)数据模型$()的$(item)等级$()。"
    }
  ]
}