{
  "name": "合成",
  "icon": "roots:runic_crafter",
  "category": "automation",
  "read_by_default": true,
  "pages": [
    {
      "type": "text",
      "text": "Both the $(l:crafting/fey_crafter)fey crafter$() and the automation-based $(l:crafting/runic_crafter)runic crafter$() can be automated with a dispenser containing a knife.$(br2)A redstone signal applied to the dispenser will begin the crafting process, if there is an eligible recipe.$(br2)$(info) As the runic crafter draws ingredients from inventories below it, simple automation of crafting recipes is easy."
    },
    {
      "type": "multiblock",
      "anchor": "multiblock",
      "multiblock": {
        "mapping": {
          "0": "roots:runic_crafter",
          "C": "minecraft:chest",
          "D": "minecraft:dispenser[facing=east]",
          "1": "roots:grove_stone[facing=north,half=bottom,valid=true]",
          "2": "roots:grove_stone[facing=north,half=middle,valid=true]",
          "3": "roots:grove_stone[facing=north,half=top,valid=true]"
        },
        "pattern": [
          ["3  ","   "],
          ["2D "," 0C"],
          ["1  "," C "]
        ]
      },
      "text": "The runic crafter will output results to any adjacent inventory in a 3x3 area excluding the one below it."
    },
    {
      "type": "relations",
      "anchor": "related",
      "entries": [
        "crafting/fey_crafter",
        "crafting/grove_stones"
      ]
    }
  ]
}