{
  "name": "Disarm",
  "icon": "roots:spell_icon{spell_storage:{s:\"roots:spell_disarm\"}}",
  "category": "spells",
  "read_by_default": true,
  "flag": "roots:spell_disarm",
  "pages": [
    {
      "type": "text",
      "text": "With this spell, you can swiftly disarm the closest hostile entity of any weapons that they may be carrying, with a chance for them to actually drop what they are holding.$(br2)Using modifiers, additional entities can be affected, the drop chance increased, or even give a chance for them to drop the armor they're wearing!"
    },
    {
      "type": "spell_template",
      "spell": "spell_disarm"
    },
    {
      "type": "spell_modifier_template",
      "spell": "spell_disarm",
      "modifier": "roots:boost_drops",
      "anchor": "boost_drops"
    },
    {
      "type": "spell_modifier_template",
      "spell": "spell_disarm",
      "modifier": "roots:armor_i",
      "anchor": "armor_i"
    },
    {
      "type": "spell_modifier_template",
      "spell": "spell_disarm",
      "modifier": "roots:disarm_duumvirate",
      "anchor": "disarm_duumvirate"
    },
    {
      "type": "spell_modifier_template",
      "spell": "spell_disarm",
      "modifier": "roots:armor_ii",
      "anchor": "armor_ii"
    },
    {
      "type": "spell_modifier_template",
      "spell": "spell_disarm",
      "modifier": "roots:poison_hands",
      "anchor": "poison_hands"
    },
    {
      "type": "spell_modifier_template",
      "spell": "spell_disarm",
      "modifier": "roots:flower_child",
      "anchor": "flower_child"
    },
    {
      "type": "spell_modifier_template",
      "spell": "spell_disarm",
      "modifier": "roots:blaze",
      "anchor": "blaze"
    },
    {
      "type": "spell_modifier_template",
      "spell": "spell_disarm",
      "modifier": "roots:weakness",
      "anchor": "weakness"
    },
    {
      "type": "spell_modifier_template",
      "spell": "spell_disarm",
      "modifier": "roots:liquid_lurch",
      "anchor": "liquid_lurch"
    },
    {
      "type": "text",
      "title": "Spell Configuration",
      "text": "$(bold)Cooldown:$() The spell has a cooldown of $(spell:disarm/SECONDS/cooldown) seconds.$(br2)$(bold)Radius:$() The nearest eligible hostile entity within $(spell:disarm/radius_x) and $(spell:disarm/radius_z) blocks horizontally and $(spell:disarm/radius_y) vertically is affected by this spell.$(br2)$(bold)$(bold)Drop:$() Disarmed items have a $(spell:disarm/PERCENT/drop_chance) chance to drop, with the addition of $(spell:disarm/PERCENT/chance_increase) added to that with the $(modifier:boost_drops)$() modifier enabled."
    },
    {
      "type": "text",
      "text": "$(bold)Armor:$() With one of $(modifier:armor_i)$() or $(modifier:armor_ii)$(), the drop chance for a piece of armor is $(spell:disarm/armor_chance), with the addition of $(spell:disarm/armor_chance) when both are enabled.$(br2)$(bold)Poison:$() With the $(modifier:poison_hands)$() modifier, disarmed entities are given Poison $(spell:disarm/ROMAN/poison_amplifier) for $(spell:disarm/SECONDS/poison_duration) seconds.$(br2)$(bold)Fire:$() With the $(modifier:blaze)$() modifier enabled, disarmed entities are set on fire for $(spell:disarm/fire_duration) seconds.$(br2)$(bold)Knockback:$() With the $(modifier:liquid_lurch)$() modifier enabled, disarmed entities are also"
    },
    {
      "type": "text",
      "text": "knocked back with a strength of $(spell:disarm/knockback_strength).$(br2)$(bold)Weakness:$() With the $(modifier:weakness)$() modifier enabled, disarmed entities are given Weakness $(spell:disarm/ROMAN/weakness_amplifier) for $(spell:disarm/SECONDS/weakness_duration) seconds.$(br2)$(bold)Duo:$() With the $(modifier:disarm_duumvirate)$() modifier enabled, the nearest two hostile entities are disarmed.$(br2)$(bold)Flowers:$() With the $(modifier:flower_child)$() modifier enabled, entity's held items are replaced with flowers instead."
    },
    {
      "type": "relations",
      "anchor": "related",
      "entries": [
        "spells/modifiers",
        "herbs/wildewheet",
        "herbs/moonglow"
      ]
    }
  ]
}