{
    "name": "钨",
    "icon": "endreborn:item_ingot_wolframium",
    "category": "tools",
  "advancement": "endreborn:endreborn/item_ingot_wolframium",
    "pages": [
        {
            "type": "text",
            "text": "我走遍世界各地，发现了一块看起来像铁矿一样的新矿石，让我们来鉴定一下。"
        },
        {
            "type": "crafting",
            "recipe": "endreborn:tools/tool_pickaxe_wolframium"
        },
	{
            "type": "crafting",
            "recipe": "endreborn:tools/tool_axe_wolframium"
        },
	{
            "type": "crafting",
            "recipe": "endreborn:tools/tool_shovel_wolframium"
        },
	{
            "type": "crafting",
            "recipe": "endreborn:tools/tool_sword_wolframium"
        },
	{
            "type": "crafting",
            "recipe": "endreborn:tools/tool_hoe_wolframium"
        }
    ]
}