{
  "name": "The Endless Realm",
  "icon": "bloodmagic:special_dungeon_seal",
  "category": "bloodmagic:dungeons",
  "extra_recipe_mappings": {
    "bloodmagic:special_dungeon_seal": 0,
    "bloodmagic:hellforgedparts": 3
  },
  "pages": [
    {
      "type": "patchouli:text",
      "text": "Much as with its little brother, the $(l:bloodmagic:rituals/ritual_list/ritual_simple_dungeon)Edge of the Hidden Realm$() ritual, you can access the $(thing)Demon Realm$() proper with the $(l:bloodmagic:rituals/ritual_list/ritual_standard_dungeon)Pathway to the Endless Realm$(). you will once again find yourself looking at an $(thing)Inversion Pillar$(). As with the $(thing)Antechamber$(), you'll find a simple loot chest left by a careless demon (or perhaps a less-lucky sanguimancer) and a number of doorways, alongside"
    },
    {
      "type": "patchouli:text",
      "text": "another Inversion Pillar to return you home. $(br2)These dungeon rooms will be filled with more fearsome foes than you found in the antechamber, and will have loot to match. Be sure to keep your eyes peeled for any $(thing)Spatial Distortions$(), as well as rare $(l:bloodmagic:dungeons/keys)keys$() such as the $(item)Foreman's Key$()."
    },
    {
      "type": "patchouli:text",
      "text": "Spatial Distortions will announce themselves with a chat message - if you see one of these messages, it means the room you're in has a very special lock. Currently, it will be either the entrance to $(thing)The Mines$(), or the entrance to a small room containing $(thing)The Foreman's Key$(), which can be opened with an $(thing)Iron Key$(). The Mine entrance will always spawn before the key, so some backtracking might be needed. "
    },
    {
      "type": "patchouli:image",
      "images": [
        "bloodmagic:images/entries/dungeon/mine_key.png"
      ],
      "title": "The Foreman's Key",
      "border": true,
      "text": "This door can be opened with an Iron Key, and hides the Foreman's Key behind it."
    },
    {
      "type": "patchouli:image",
      "images": [
        "bloodmagic:images/entries/dungeon/mine_entrance.png"
      ],
      "title": "The Mine Entrance",
      "border": true,
      "text": "This door can only be opened with the Foreman's Key. You may need to backtrack!"
    },
    {
      "type": "patchouli:text",
      "text": "The Foreman's Key will allow entrance into $(thing)The Mines$(), which is another step up in both difficulty and rewards. Along with $(l:bloodmagic:dungeons/demonite)Demonite Ore$(), which is essential for high tier $(l:bloodmagic:alchemy_table/potions)potioncrafting$() and $(l:bloodmagic:altar/blood_altar)the Tier-5 Blood Altar$() and its accompanying $(l:bloodmagic:altar/soul_network)Orb$(), you'll find scads of more mundane loot, enchanted weapons and tools, anointments, potions, and more."
    },
    {
      "type": "patchouli:spotlight",
      "item": "bloodmagic:hellforgedparts",
      "title": "Intricate Hellforged Parts",
      "text": "Explore enough, and you may be lucky enough to find $(item)Intricate Hellforged Parts$(), which can be used to double the power of your existing $(item)Runes$(). It's like having two $(blood)Blood Altars$() in one!"
    }
  ]
}