{
  "name": "试炼",
  "icon": "deepmoblearning:trial_keystone",
  "category": "2_trials",
  "sortnum": 1,
  "pages": [
    {
      "type": "text",
      "text": "在一场$(item)试炼$()中，你会面对$(item)一波又一波$()的$(item)怪物$()进攻，只有将它们全部$(item)消灭$()，试炼才会结束。通过了一场$(item)试炼$()后，你会获得奖励。$(br2)这不仅是获得更多$(l:1_machines/1_matter#pristine)原始物质$()的方法，也是$(l:0_introduction/1_data)数据收集$()的超棒方式。$(br2)更高$(item)等级的试炼$()会给你更多的$(item)奖励$()。"
    },
    {
      "type": "recipelookup",
      "recipe": "deepmoblearning:trial_keystone",
      "text": "你要面对的$(item)波数$()取决于调谐到$(l:2_trials/0_trial_key)测试秘钥$()的$(l:0_introduction/2_data_models)数据模型$()的$(item)等级$()。$(br2)$(l:2_trials/0_trial_key)秘钥$()的$(item)等级$()也会决定有多少$(l:2_trials/2_affixes)词缀$()会在$(item)试炼$()中被激活。"
    }
  ]
}