{
  "name": "ars_nouveau.glyph_name.divine_smite",
  "icon": "ars_nouveau:glyph_divine_smite",
  "category": "arsomega:spells_4",
  "advancement": "arsomega:restricted_knowledge",
  "sortnum": 3,
  "pages": [
    {
      "type": "text",
      "text": "ars_nouveau.glyph_desc.divine_smite"
    },
    {
      "type": "glyph_recipe",
      "recipe": "ars_nouveau:glyph_divine_smite",
      "tier": "三",
      "mana_cost": "高",
      "reagent": "ars_nouveau:glyph_divine_smite"
    }
  ]
}