{
  "name": "item.ars_nouveau.ritual_summoning",
  "icon": "ars_nouveau:ritual_summoning",
  "category": "ars_nouveau:rituals",
  "pages": [
    {
      "type": "text",
      "text": "召唤仪式会根据献祭的物品召唤实体。献祭物通常是生物掉落物，例如皮革和兔子皮。生成数量无法用钻石增加。以末影之眼增强则会生成同种生物的另一变种。"
    },
    {
      "type": "crafting",
      "recipe": "arsomega:ritual_summoning"
    }
  ]
}