{
  "name": "地狱衰退",
  "icon": "minecraft:soul_sand",
  "category": "naturesaura:effects",
  "advancement": "naturesaura:aura_bottle_nether",
  "pages": [
    {
      "type": "text",
      "text": "下界被许多人认为有着令人痛苦的景象，但从下界汲取大量$(aura)会让其环境退化，变得真正地不忍直视。$(item)荧石$()会开始转变为$(item)下界石英矿石$()，而且会进一步变成$(item)地狱砖$()。$(item)地狱砖$()会变成$(item)地狱岩$()，最终会变成$(item)灵魂沙$()。"
    }
  ]
}
