{
  "name": "红石与自动化",
  "icon": "minecraft:redstone",
  "category": "bloodmagic:altar",
  "pages": [
    {
      "type": "patchouli:text",
      "text": "$(l:bloodmagic:altar/blood_altar)血之祭坛$()虽然是一个奇妙的工具，但是做石板时傻站在哪枯等可不是一个好想法。幸运的是物品和$(blood)LP$()可以通过管道传输，但有一些注意事项。$(br2)尽管一个简单的$(item)漏斗$()可以让你输送物品，但祭坛不会限制单次输出量。若你一次输入64个石板，将消耗64倍的LP。若你的$(blood)LP$()不足的话，你可能有麻烦了。"
    },
    {
      "type": "patchouli:text",
      "text": "此外，祭坛不区分输入输出，因此如果没有某种过滤器，物品将被你物流系统能处理的速度被反复的输入和输出。也许查看$(l:bloodmagic:demon_will/item_routing/routing_nodes)路由节点$()会对你有所帮助…"
    },
	{
      "type": "patchouli:text",
      "text": "祭坛还支持$(blood)生命源质$()的传输，包括进出外部储罐。只需连接你选择的管道，你就可以储存多余的$(blood)生命源质$()以供后续使用。$(br2)注意：默认的传输速度非常慢。如果你想增加传输速度，最好研究一下$(l:bloodmagic:altar/blood_rune/acceleration_rune)促速符文$()和$(l:bloodmagic:altar/blood_rune/dislocation_rune)转位符文$()。"
    },
	{
      "type": "patchouli:text",
      "text": "别忘记，$(blood)生命源质$()并不是直接取自$(l:bloodmagic:altar/blood_altar)祭坛$()本身，而是取自一个次级的、隐秘的储罐。该储罐$(thing)最多容纳10%$()祭坛容量的$(blood)生命源质$()，因此如果数字看起来不完全匹配，或者$(blood)生命源质$()正在从你的祭坛中消失，这很可能是去了它该去的地方。同样限制于被管道传输的$(blood)生命源质$()。"
    },
    {
      "type": "patchouli:text",
      "text": "$(l:bloodmagic:altar/blood_altar)血之祭坛$()内的$(blood)生命源质$()容量可以通过侧边放比较器读取，这类似于原版的箱子。$(br2)如果你在祭坛下方放一块$(item)血石砖$()，比较器会改为读取放置在祭坛内的任何宝珠的所有者的$(l:bloodmagic:altar/soul_network)灵魂网络$(/l)的值。$(br2)信号强度取决于祭坛内宝珠的大小，而非网络中最大的$(blood)LP$()。"
    },
    {
      "type": "patchouli:text",
      "text": "例如，假设你有$(blood)500,000 LP$()，虚弱气血宝珠将显示全满，而导师气血宝珠只会显示半满。这可以被用来，举例，如果你的$(blood)LP$()不足时，关闭某些仪式。$(br2)最后，在祭坛下面放置$(item)红石灯$()，（祭坛）将在制作完成后输出信号。"
    }
  ]
}
