{
  "name": "Ritual Automation",
  "icon": "roots:pyre",
  "category": "rituals_ritual",
  "read_by_default": true,
  "pages": [
    {
      "type": "text",
      "text": "Ingredients can be fed into a ritual by placing an inventory containing them beneath the pyre (see diagram).$(br2)These are then drawn into the pyre when it is empty. If matching ingredients are found when the ritual ends, it will consume them and begin anew.$(br2)$(warning) You must start the first ritual to lock the pyre in before automation can begin."
    },
    {
      "type": "multiblock",
      "name": "Chest Location",
      "multiblock": {
        "mapping": {
          "0": "minecraft:chest",
          "R": "roots:pyre"
        },
        "pattern": [
          [
            " ",
            "R",
            " "
          ],
          [
            " ",
            "0",
            " "
          ],
          [
            " ",
            " ",
            " "
          ],
          [
            " ",
            " ",
            " "
          ]
        ]
      },
      "text": "Any inventory should be sufficient, as long as it is located directly below the pyre."
    },
    {
      "type": "text",
      "title": "Starting",
      "text": "In addition to rituals continuing with valid ingredients, it is possible to automatically start a pyre by placing fire on any blocks in a 3x3 area around it. (See diagram)$(br2)$(info) Fire not on a fire source block will be consumed and extinguished to start the ritual.$(br2)$(warning) Currently this only functions for vanilla fire."
    },
    {
      "type": "multiblock",
      "name": "Fire Locations",
      "multiblock": {
        "mapping": {
          "0": "roots:pyre",
          "G": "minecraft:grass",
          "I": "minecraft:torch"
        },
        "pattern": [
          [
            "     ",
            "     ",
            "     "
          ],
          [
            " III ",
            " III ",
            " III "
          ],
          [
            " III ",
            " I0I ",
            " III "
          ],
          [
            " GGG ",
            " GGG ",
            " GGG "
          ],
          [
            "     ",
            "     ",
            "     "
          ]
        ]
      },
      "text": "All positions of torches and the grass beneath are eligible for fire automation."
    },
    {
      "type": "relations",
      "anchor": "related",
      "entries": [
        "crafting/pyres",
        "rituals/introduction",
        "rituals/standing_stones"
      ]
    }
  ]
}