{
  "name": "显隐性",
  "icon": "minecraft:potion",
  "category": "complicated_bees:genetics",
  "advancement": "complicated_bees:apiary",
  "pages": [
    {
      "type": "patchouli:text",
      "text": "一段基因的不同表现形式（称作“等位基因”）分为显性和隐性两类，在$(l:complicated_bees:genetics/analyzer)分析仪$()中分别以红色和蓝色显示。若蜜蜂的基因型中有一对不同的等位基因，则显性基因外显，隐性基因内敛。"
    },
    {
      "type": "patchouli:text",
      "text": "也即，若需一段隐性基因外显，应杂交出有一对隐性基因的蜜蜂。$(br2)若一对等位基因均是显性或均是隐性，则活跃的等位基因随机取定。"
    }
  ]
}