{
    "name": "粉碎",
    "icon": "hwell:crushing_block",
    "category": "core_mechanics",
    "sortnum": 0,
    "pages": [
        {
            "type": "text",
            "text": "粉碎器可以把你想要粉碎的实体变成粉尘,或者将水晶变成水晶粉尘 ."
        },
	    {
            "type": "crush",
			"name": "石粉",
			"recipe": "hwell:dust",
			"input1": "hwell:crushing_block",
			"input2": "minecraft:cobblestone",
			"output": "hwell:dust",
			"text": "将你想要粉碎的物品丢在地上,然后将粉碎器放在放置在掉落物的上方, 粉碎器将会像沙子一样坠落."
		},
		{
           	"type": "crush",
			"name": "水晶碎片",
			"recipe": "hwell:shard_c",
			"input1": "hwell:crushing_block",
			"input2": "hwell:crystal",
			"output": "hwell:shard_c",
			"text":"粉碎水晶并且生成随机的水晶碎片."
        },
        {
            "type": "crush",
            "name": "神秘粉尘",
            "recipe": "hwell:myst_dust",
            "input1": "hwell:crushing_block",
            "input2": "hwell:myst_rod",
            "output": "hwell:myst_dust",
            "text":"粉碎器可以从神秘水晶棒中获取神秘粉尘."
        },        
        {
            "type": "crush",
            "name": "灵魂粉尘",
            "recipe": "hwell:soul_dust",
            "input1": "hwell:crushing_block",
            "input2": "minecraft:soul_sand",
            "output": "hwell:soul_dust",
            "text":"灵魂粉尘产自被粉碎的灵魂沙, 它可以用于合成."
        },
            {
            "type": "crush",
            "name": "盐",
            "recipe": "hwell:salt",
            "input1": "hwell:crushing_block",
            "input2": "hwell:citrinic_sand",
            "output": "hwell:salt",
            "text":"这石头可真“咸”."
        },            
        {
            "type": "crush",
            "name": "可燃粉尘",
            "recipe": "hwell:fuel_dust",
            "input1": "hwell:crushing_block",
            "input2": "hwell:heavy_nugget",
            "output": "hwell:fuel_dust",
            "text":"可燃粉尘可以在炉子中冶炼4个物品."
        },
        {
            "type": "crush",
            "name": "种子",
            "recipe": "minecraft:wheat_seeds",
            "input1": "hwell:crushing_block",
            "input2": "minecraft:tallgrass",
            "output": "minecraft:wheat_seeds",
            "text":"A seedy place?"
        },        
        {
            "type": "crush",
            "name": "燧石",
            "recipe": "minecraft:flint",
            "input1": "hwell:crushing_block",
            "input2": "minecraft:gravel",
            "output": "minecraft:flint",
            "text":"通过粉碎沙砾获得燧石的方法."
        }
            
            
            
    ]
}