{
  "name": "Geas",
  "icon": "roots:spell_icon{spell_storage:{s:\"roots:spell_geas\"}}",
  "category": "spells",
  "read_by_default": true,
  "flag": "roots:spell_geas",
  "pages": [
    {
      "type": "text",
      "text": "A Geas, or a binding, prevents the nearest hostile entity from attacking you, causing it harm if it even attempts to.$(br2)With modifiers, this form of mind control can be greatly manipulated: you can buff nearby passive entities, convert zombies into slaves that will fight for you, target more entities, or even cause damaging effects when the spell wears off!"
    },
    {
      "type": "spell_template",
      "spell": "spell_geas"
    },
    {
      "type": "spell_modifier_template",
      "spell": "spell_geas",
      "modifier": "roots:extended_geas",
      "anchor": "extended_geas"
    },
    {
      "type": "spell_modifier_template",
      "spell": "spell_geas",
      "modifier": "roots:animal_savior",
      "anchor": "animal_savior"
    },
    {
      "type": "spell_modifier_template",
      "spell": "spell_geas",
      "modifier": "roots:weakened_response",
      "anchor": "weakened_response"
    },
    {
      "type": "spell_modifier_template",
      "spell": "spell_geas",
      "modifier": "roots:unholy_command",
      "anchor": "unholy_command"
    },
    {
      "type": "spell_modifier_template",
      "spell": "spell_geas",
      "modifier": "roots:additional_target1",
      "anchor": "additional_target1"
    },
    {
      "type": "spell_modifier_template",
      "spell": "spell_geas",
      "modifier": "roots:additional_target2",
      "anchor": "additional_target2"
    },
    {
      "type": "spell_modifier_template",
      "spell": "spell_geas",
      "modifier": "roots:inferno",
      "anchor": "inferno"
    },
    {
      "type": "spell_modifier_template",
      "spell": "spell_geas",
      "modifier": "roots:avalanche",
      "anchor": "avalanche"
    },
    {
      "type": "spell_modifier_template",
      "spell": "spell_geas",
      "modifier": "roots:waterfall",
      "anchor": "waterfall"
    },
    {
      "type": "text",
      "title": "Spell Configuration",
      "text": "$(bold)Cooldown:$() The spell has a cooldown of $(spell:geas/SECONDS/cooldown) seconds.$(br2)$(bold)Duration:$() The geas lasts for $(spell:geas/SECONDS/geas_duration) seconds, increase by $(spell:geas/SECONDS/extension) seconds with the $(modifier:extended_geas)$() modifier.$(br2)$(bold)Saviour:$() With the $(modifier:animal_savior)$() modifier, all nearby peaceful entities within view are given Absorption $(spell:geas/ROMAN/savior_amplifier) for $(spell:geas/SECONDS/savior_duration) seconds.$(br2)$(bold)Weakness:$() With the $(modifier:weakened_response)$()"
    },
    {
      "type": "text",
      "text": "modifier, entities previously under a geas are given Weakness $(spell:geas/ROMAN/weakness_amplifier) for $(spell:geas/SECONDS/weakness_duration) seconds.$(br2)$(bold)Additional Targets:$() For each modifier of $(modifier:additional_target1)$() and $(modifier:additional_target2)$(), an additional entity is given a geas.$(br2)$(bold)Fire:$() With the $(modifier:inferno)$() modifier, entities are set on fire for $(spell:geas/fire_duration) seconds.$(br2)$(bold)Physical:$() With the $(modifier:avalanche)$() modifier, entities take $(spell:geas/HEART/physical_damage) hearts of physical damage when the geas ends."
    },
    {
      "type": "text",
      "text": "$(bold)Water:$() With the $(modifier:waterfall)$() modifier, entities take $(spell:geas/HEART/water_damage) hearts of water damage when the geas ends.$(br2)$(bold)Zombie Slaves:$() With the $(modifier:unholy_command)$() modifier enabled, zombies and husks are converted into slaves that will fight for you for $(spell:geas/SECONDS/geas_duration) seconds, increased by $(spell:geas/SECONDS/extension) seconds with the $(modifier:extended_geas)$() modifier."
    },
    {
      "type": "relations",
      "anchor": "related",
      "entries": [
        "spells/modifiers",
        "herbs/terra_moss",
        "herbs/baffle_cap"
      ]
    }
  ]
}