{
  "name": "Sanctuary",
  "icon": "roots:spell_icon{spell_storage:{s:\"roots:spell_sanctuary\"}}",
  "category": "spells",
  "read_by_default": true,
  "flag": "roots:spell_sanctuary",
  "pages": [
    {
      "type": "text",
      "text": "This spell prevents hostile entities (including projectiles) from approaching you, providing a protective bubble around you that holds them at bay so long as the spell is channeled.$(br2)With modifiers, you can inflict various status effects on these entities, deal damage to specific entity types, push entities further or include non-hostile entities."
    },
    {
      "type": "spell_template",
      "spell": "spell_sanctuary"
    },
    {
      "type": "spell_modifier_template",
      "spell": "spell_sanctuary",
      "modifier": "roots:reject_nature",
      "anchor": "reject_nature"
    },
    {
      "type": "spell_modifier_template",
      "spell": "spell_sanctuary",
      "modifier": "roots:withering",
      "anchor": "withering"
    },
    {
      "type": "spell_modifier_template",
      "spell": "spell_sanctuary",
      "modifier": "roots:undead_rejection",
      "anchor": "undead_rejection"
    },
    {
      "type": "spell_modifier_template",
      "spell": "spell_sanctuary",
      "modifier": "roots:repulsive_bubble",
      "anchor": "repulsive_bubble"
    },
    {
      "type": "spell_modifier_template",
      "spell": "spell_sanctuary",
      "modifier": "roots:spider_unsuffrage",
      "anchor": "spider_unsuffrage"
    },
    {
      "type": "spell_modifier_template",
      "spell": "spell_sanctuary",
      "modifier": "roots:levitating_bubble",
      "anchor": "levitating_bubble"
    },
    {
      "type": "spell_modifier_template",
      "spell": "spell_sanctuary",
      "modifier": "roots:inflammatory_bubble",
      "anchor": "inflammatory_bubble"
    },
    {
      "type": "spell_modifier_template",
      "spell": "spell_sanctuary",
      "modifier": "roots:earthen_radius",
      "anchor": "earthen_radius"
    },
    {
      "type": "spell_modifier_template",
      "spell": "spell_sanctuary",
      "modifier": "roots:liquid_repulsion",
      "anchor": "liquid_repulsion"
    },
    {
      "type": "text",
      "title": "Spell Configuration",
      "text": "$(bold)Cooldown:$() The spell has a cooldown of $(spell:sanctuary/SECONDS/cooldown) seconds.$(br2)$(bold)Radius:$() The radius of the protective bubble is $(spell:sanctuary/radius_x) and $(spell:sanctuary/radius_z) blocks horizontally and $(spell:sanctuary/radius_y) vertically. With the $(modifier:earthen_radius)$() modifier enabled, each of these values is increased by $(spell:sanctuary/radius_boost) blocks.$(br2)$(bold)Velocity:$() Entities are pushed away from you with a velocity of $(spell:sanctuary/push_velocity). With $(modifier:liquid_repulsion)$() or $(modifier:repulsive_bubble)$() enabled,"
    },
    {
      "type": "text",
      "text": "the velocity is doubled. With both, the velocity is quadrupled.$(br2)$(bold)Fire:$() With the $(modifier:inflammatory_bubble)$() modifier enabled, entities pushed back are also set on fire for $(spell:sanctuary/fire_duration) seconds.$(br2)$(bold)Levitation:$() With the $(modifier:levitating_bubble)$() modifier enabled, entities pushed back are given Levitation I for $(spell:sanctuary/SECONDS/levitate_duration) seconds.$(br2)$(bold)Wither:$() With the $(modifier:withering)$() modifier enabled, entities"
    },
    {
      "type": "text",
      "text": "pushed back are given Withering $(spell:sanctuary/ROMAN/wither_amplifier) for $(spell:sanctuary/SECONDS/wither_duration) seconds.$(br2)$(bold)Spiders:$() With the $(modifier:spider_unsuffrage)$() modifier enabled, any arachnid pushed back is also damaged for $(spell:sanctuary/HEART/spider_damage) hearts.$(br2)$(bold)Undead:$() With the $(modifier:undead_rejection)$() modifier enabled, any undead pushed back is also damaged for $(spell:sanctuary/HEART/undead_damage) hearts.$(br2)$(bold)Peaceful:$() With the $(modifier:reject_nature)$() modifier enabled, all entities are pushed back."
    },
    {
      "type": "relations",
      "anchor": "related",
      "entries": [
        "spells/modifiers",
        "herbs/pereskia",
        "herbs/wildroot"
      ]
    }
  ]
}