{
  "name": "下界芽精灵",
  "icon": "minecraft:nether_wart",
  "category": "creatures",
  "pages": [
    {
      "type": "animal_spawn_info",
      "animal": "hell_sprout",
      "breed": "繁殖物品：烤茄子。",
      "tame": "驯服物品：无法驯服。",
      "blurb": "能在下界发现，它们一直在安静地游荡，偶尔还会播种下界疣。"
    },
    {
      "type": "entity",
      "name": "下界芽精灵",
      "entity": "mysticalworld:entity_hell_sprout",
      "scale": 1,
      "offset": 0,
      "text": ""
    }
  ]
}
