{
  "name": "未成熟的末影珍珠",
  "icon": "mysticalworld:unripe_pearl",
  "category": "items",
  "pages": [
    {
      "type": "spotlight",
      "link_recipe": true,
      "item": "mysticalworld:unripe_pearl",
      "text": "未成熟的末影珍珠能在末影人的未成熟年轻个体——迷你末影人中找到。"
    },
    {
      "type": "crafting",
      "link_recipe": true,
      "recipe": "mysticalworld:ender_pearl",
      "text": "作物物品使用时，它会进行随机传送。9 个未成熟的末影珍珠能合成出一个真正的末影珍珠。",
      "title": "末影珍珠"
    }
  ]
}
