{
  "name": "黄蜂引诱剂",
  "icon": "mysticalworld:wasp_attractant",
  "category": "items",
  "pages": [
    {
      "type": "crafting",
      "link_recipe": true,
      "recipe": "mysticalworld:wasp_attractant",
      "text": "蛋白质和糖的组合正是吸引黄蜂的黄金配方！"
    },
    {
      "type": "spotlight",
      "item": "mysticalworld:wasp_attractant",
      "text": "引诱剂能种在大多数橡树（主要是橡树和深色橡树）的树干上，之后黄蜂注入的幼虫就会迅速造成$(l:items/gall_apple)虫瘿苹果$()的产生。"
    }
  ]
}
