{
  "name": "正式版模组特色",
  "icon": "minecraft:noteblock",
  "category": "5_funk",
  "sortnum": 1,
  "pages": [
    {
      "type": "text",
      "text": "在 Mod 的开发过程中，以及在 Mod 正式发布之后，我陆续上传了一些高光/更新视频，你可以在这个$(l:https://www.youtube.com/watch?v=-C5T60iSjyM&list=PLJB-Y_FDFQZ5EKkzc6IrDRv9sr1thJ27M)播放列表$()里找到它们。$(br2)除此之外，我还想再介绍另外几位，一位是$(item)Mischief of Mice$()频道的$(item)Vallen$()制作了视频$(l:https://www.youtube.com/watch?v=hRe-nPCciXA)Bit-by-Bit$()，他在视频中介绍了本 mod 的相关内容，非常值得一看。"
    },
    {
      "type": "text",
      "text": "$(item)SystemCollapse$() 也在他的 SkyFactory 4 整合包的某集实况中花了大量时间介绍了本 Mod ，你能在$(l:https://www.youtube.com/watch?v=urmzj-jwUTg)这里$()找到这一集。"
    }
  ]
}