{
  "name": "鸣谢",
  "icon": "minecraft:cake",
  "category": "5_funk",
  "sortnum": 2,
  "pages": [
    {
      "type": "text",
      "text": "非常$(item)感谢$()以下的这些人，排名不分先后。$(br2)$(item)Vyraal$() & $(item)Saereth$() 对本 Mod 提出的宝贵意见和建议，以及在他们的整合包 $(item)Interactions$() 中加入了本 Mod 。$(br2)$(item)tommyTT$() 为 config 添加了额外的选项。"
    },
    {
      "type": "text",
      "text": "$(item)Darkosto$() & $(item)Slowpoke101$() 分别将本 Mod 加入了他们的整合包 $(item)SkyFactory 4$() 以及 $(item)FTB Sky Odyssey$() 。"
    }
  ]
}