{
  "name": "Apothecary Pouch",
  "icon": "roots:apothecary_pouch",
  "category": "crafting_armor_tools",
  "sortnum" : 6,
  "read_by_default": true,
  "pages": [
    {
      "type": "text",
      "text": "Much more advanced than the $(l:crafting/component_pouch)component pouch$() (which is a required ingredient), this pouch contains additional slots for herbs and a large number of slots for non-herb items.$(br2)$(info) All pouches can be dyed to $(l:spells/component_pouches)differentiate them from others$().$(br2)$(warning) Mechanics of pouches are more directly explained the $(l:spells/component_pouches)component pouches section on spells$()."
    },
    {
      "type": "fey_crafting_template",
      "recipe": "apothecary_pouch"
    },
    {
      "type": "relations",
      "anchor": "related",
      "entries": [
        "crafting/component_pouch",
        "crafting/fey_leather_pouch",
        "crafting/herb_pouch",
        "crafting/fey_crafter",
        "spells/component_pouches"
      ]
    }
  ]
}