{
  "name": "Component Pouch",
  "icon": "roots:component_pouch",
  "category": "crafting_armor_tools",
  "sortnum" : 5,
  "read_by_default": true,
  "pages": [
    {
      "type": "text",
      "text": "A more complex pouch which contains less slots for herbs (six), but compensates by providing a number of slots (12) in which you can store non-herb items.$(br2)$(info) All pouches can be dyed to $(l:spells/component_pouches)differentiate them from others$().$(br2)$(warning) Mechanics of pouches are more directly explained the $(l:spells/component_pouches)component pouches section on spells$()."
    },
    {
      "type": "fey_crafting_template",
      "recipe": "component_pouch"
    },
    {
      "type": "relations",
      "anchor": "related",
      "entries": [
        "crafting/apothecary_pouch",
        "crafting/fey_leather_pouch",
        "crafting/herb_pouch",
        "crafting/fey_crafter",
        "spells/component_pouches"
      ]
    }
  ]
}