{
  "name": "Unending Bowl",
  "icon": "roots:unending_bowl",
  "category": "crafting_devices",
  "read_by_default": true,
  "pages": [
    {
      "type": "text",
      "text": "A multi-purpose tool that can also serve as a tank in machines, it is also possible to configure the type of water produce by the bowl in the mod's configuration.$(br2)Buckets and glass bottles can be filled from this source, as can any other suitable fluid tank.$(br2)$(info) Maximum flow should be delivered whenever possible."
    },
    {
      "type": "fey_crafting_template",
      "recipe": "unending_bowl"
    },
    {
      "type": "relations",
      "anchor": "related",
      "entries": [
        "crafting/fey_crafter",
        "resources/runestone",
        "herbs/dewgonia"
      ]
    }
  ]
}