{
  "category": "hexalia:rituals",
  "name": "精华覆层仪式",
  "icon": "minecraft:iron_sword",
  "sortnum": 5,
  "pages": [
    {
      "type": "patchouli:spotlight",
      "item": "minecraft:cauldron",
      "title": " ",
      "text": "备好自然精华桶之后，就可以借助精华覆层仪式给武器施加特种覆层了。"
    },
    {
      "type": "patchouli:text",
      "title": "操作方法",
      "text": "第 1 步：将自然精华仪式中获得的自然精华倒入炼药锅。$(br)第 2 步：根据覆层配方将所需原材料投入炼药锅。$(br)第 3 步：准备好对应物品后，用巫能聚焦杖右击炼药锅；它应当会散发出紫色的粒子。等待片刻，即会产出对应的精华覆层药瓶。"
    },
    {
      "type": "patchouli:text",
      "title": "覆层配方",
      "text": "每种精华覆层都需要特定的物品。$(br)每个配方都默认包含曼德拉草和简易药瓶。"
    },
    {
      "type": "patchouli:text",
      "title": "覆层的使用",
      "text": "副手持精华覆层药瓶，主手持希望施加覆层的物品，此时右击即可施加覆层。"
    },
    {
      "type": "patchouli:crafting",
      "recipe": "minecraft:cauldron",
      "title": "预备炼药锅",
      "text": "确保有炼药锅可用，且安放在安全的位置。"
    },
    {
      "type": "patchouli:relations",
      "title": "相关条目",
      "text": "下方条目与精华覆层有关。",
      "entries": [
        "hexalia:essence_coatings",
        "hexalia:essence_coatings_recepies"
      ]
    }
  ]
}
