{
  "category": "hexalia:rituals",
  "name": "焰燃仪式",
  "icon": "minecraft:campfire",
  "sortnum": 6,
  "pages": [
    {
      "type": "patchouli:text",
      "title": "焰燃仪式",
      "text": "为施展焰燃仪式，必须引导出极强的热量和能量，如此才能烧炼多种材料。$(br)此仪式最多可同时烧炼 16 个物品，所有物品不必相同。"
    },
    {
      "type": "patchouli:spotlight",
      "title": "仪式原材料",
      "item": "hexalia:hex_focus",
      "text": "所需物品：$(br)- 1 把巫能聚焦杖$(br)- 1 个营火$(br)- 1 个水桶$(br)- 1 个炼药锅$(br)- 1 个火之结点$(br)- 1 到 16 个仪式木堆$(br)- 1 到 16 份盐"
    },
    {
      "type": "patchouli:spotlight",
      "item": "hexalia:ritual_brazier",
      "text": "向炼药锅倒满水，并在其下放置营火。将火之结点投入炼药锅。确保所有 16 个木堆正确摆放在中央炼药锅的周围，且所有木堆均已撒上了盐。将需要烧炼的物品放入木堆。使用巫能聚焦杖对炼药锅右击以点燃木堆。"
    },
    {
      "type": "patchouli:image",
      "images": ["hexforged:textures/gui/kindle_flames_ritual_icon.png"],
      "title": "仪式",
      "text": "只有可被熔炉烧炼的物品才可被加工。"
    },
    {
      "type": "patchouli:spotlight",
      "title": "产物",
      "item": "minecraft:iron_ingot",
      "text": "焰燃仪式成功完成后，放入的物品也会被烧炼完毕。"
    },
    {
      "type": "patchouli:image",
      "images": ["hexforged:textures/gui/kindle_flames_ritual_icon2.png"],
      "title": " ",
      "text": " "
    }
  ]
}
