{
  "category": "hexalia:rituals",
  "name": "月像仪式",
  "icon": "hexalia:celestial_crystal_block",
  "flag": "mod:lunar",
  "sortnum": 7,
  "pages": [
    {
      "type": "patchouli:text",
      "title": "月像仪式",
      "text": "月像仪式是能引导月亮的能量的神圣仪式，它能影响天文事件。$(br)每种月像仪式都需要特定的祭品，以与月亮事件的能量谐和。$(br)每种月亮事件都会带来独特的增益和危险，这就要求在事件之前必须做好准备。$(br)$(l)只能在夜晚施展。"
    },
    {
      "type": "patchouli:text",
      "title": "施展仪式",
      "text": "- 铺设 5x5 的天穹水晶块平台。$(br)- 用至少 12 格水包围平台，并在附近种上 4 株月光百合。$(br)- 在平台上方 2 格处放置 2 个插上蜡烛的骷髅头颅和 2 个插上蜡烛的凋灵骷髅头颅。$(br)- 在平台上方放置 8 个盐底仪式木堆，并向每个放入一枚白月水晶。$(br)- 在平台中央上方 1 格处放置荧石块，再在荧石块上放置仪式木堆，并放入献祭物品。$(br)- 用巫能聚焦杖右击荧石块，静待月亮的能量化作实物。"
    },
    {
      "type": "patchouli:image",
      "images": ["hexforged:textures/gui/moon_ritual_1.png"],
      "title": "仪式的第 1 步",
      "text": "可以在要求限制下自由搭建，无需照搬图例。"
    },
    {
      "type": "patchouli:image",
      "images": ["hexforged:textures/gui/moon_ritual_2.png"],
      "title": "仪式的第 2 步",
      "text": " "
    },
    {
      "type": "patchouli:image",
      "images": ["hexforged:textures/gui/moon_ritual_3.png"],
      "title": "仪式的第 3 步",
      "text": " "
    },
    {
      "type": "patchouli:image",
      "images": ["hexforged:textures/gui/moon_ritual_4.png"],
      "title": "激活的仪式",
      "text": " "
    },
    {
      "type": "patchouli:text",
      "title": "英雄之月",
      "text": "沐浴在英雄之月的光辉下，勇者得到了嘉奖。你在整夜都会获得崇高的村庄英雄效果，村民会对你报以感激。"
    },
    {
      "type": "patchouli:spotlight",
      "title": "所需献祭物品",
      "item": "minecraft:emerald",
      "text": "英雄之月仪式需要绿宝石作为献祭物品。"
    },
      {
      "type": "patchouli:text",
      "title": "血月",
      "text": "血月升起，为残酷的战斗做好准备。此月亮事件下出现的生物的伤害更高，即便对最为老练的冒险者来说也是可怕的困境。"
    },
    {
      "type": "patchouli:spotlight",
      "title": "所需献祭物品",
      "item": "minecraft:beef",
      "text": "血月仪式需要生牛肉作为献祭物品。"
    },
    {
      "type": "patchouli:text",
      "title": "矿工之月",
      "text": "在矿工之月下释放你的矿工本能。此事件带来的是急迫的赠礼，你能以无可匹敌的速度与效率挖掘资源。"
    },
    {
      "type": "patchouli:spotlight",
      "title": "所需献祭物品",
      "item": "minecraft:iron_pickaxe",
      "text": "矿工之月仪式需要铁镐作为献祭物品。"
    },
    {
      "type": "patchouli:text",
      "title": "绯红之月",
      "text": "绯红之月会导致维度产生从未有过的交叠，下界的生物会走入主世界。领域间的界限模糊了，夜晚因此变得更加不可预测，更加令人血脉偾张。"
    },
    {
      "type": "patchouli:spotlight",
      "title": "所需献祭物品",
      "item": "minecraft:crimson_fungus",
      "text": "绯红之月仪式需要绯红菌作为献祭物品。"
    },
    {
      "type": "patchouli:text",
      "title": "白月",
      "text": "享受白月带来的安宁。大可自信地外出探索，夜晚的宁静正鼓励着你去冒险。"
    },
    {
      "type": "patchouli:spotlight",
      "title": "所需献祭物品",
      "item": "minecraft:glowstone_dust",
      "text": "白月仪式需要荧石作为献祭物品。"
    },
    {
      "type": "patchouli:text",
      "title": "巨月",
      "text": "望向夜空，一轮巨大的美丽月亮挂在天穹之上。务必注意，巨月会影响重力，恰如微重力环境对你的一场试炼。"
    },
    {
      "type": "patchouli:spotlight",
      "title": "所需献祭物品",
      "item": "minecraft:phantom_membrane",
      "text": "巨月仪式需要幻翼膜作为献祭物品。"
    },
    {
      "type": "patchouli:text",
      "title": "微月",
      "text": "感受微月之下增强的重力。不过是在强重力的世界中走动，都前所未有地挑战了你的适应性和跋涉能力。"
    },
    {
      "type": "patchouli:spotlight",
      "title": "所需献祭物品",
      "item": "minecraft:anvil",
      "text": "微月仪式需要铁砧作为献祭物品。"
    },
    {
      "type": "patchouli:text",
      "title": "噩兆之月",
      "text": "夜幕降临，准备好面对噩兆与危险。噩兆之月的光芒让空气中弥漫着紧张的气息，你整夜都会获得不祥之兆效果。"
    },
    {
      "type": "patchouli:spotlight",
      "title": "所需献祭物品",
      "item": "minecraft:black_banner",
      "text": "噩兆之月仪式需要不祥旗帜作为献祭物品。"
    },
    {
      "type": "patchouli:text",
      "title": "月食",
      "text": "稀少的月食事件会让天地陷入黑暗。黑暗效果是对感官和规划能力的一次严峻考验，也是月相循环中独特的变化，惹人着迷。"
    },
    {
      "type": "patchouli:spotlight",
      "title": "所需献祭物品",
      "item": "minecraft:crying_obsidian",
      "text": "月食仪式需要哭泣的黑曜石作为献祭物品。"
    },
    {
      "type": "patchouli:text",
      "title": "随机月像",
      "text": "夜空的变化难以预测，会随机产生一次月亮事件。"
    },
    {
      "type": "patchouli:spotlight",
      "title": "所需献祭物品",
      "item": "hexalia:storm_idol",
      "text": "随机月像仪式需要风暴人偶作为献祭物品。"
    },
    {
      "type": "patchouli:text",
      "title": "净月",
      "text": "夜空恢复到了原本的状态，正在进行的月亮事件终止了。世界被普通的月光照亮，不再受天文事件的影响。"
    },
    {
      "type": "patchouli:spotlight",
      "title": "所需献祭物品",
      "item": "hexalia:clear_idol",
      "text": "净月仪式需要放晴人偶作为献祭物品。"
    }
  
  ]
}
