{
  "category": "hexalia:items",
  "name": "远古种子",
  "icon": "hexalia:ancient_seed",
  "sortnum": 3,
  "pages": [
    {
      "type": "patchouli:spotlight",
      "item": "hexalia:ancient_seed",
      "text": "这种种子可在丛林神庙和考古遗迹中找到。$(br)它还可被$(l:hexalia:rituals/ritual_of_transmutation)嬗变$()为$(l:hexalia:rituals/elemental_weapons)元素武器$()。$(br2)嗅探兽有概率挖出远古种子。"
    },
    {
      "type": "patchouli:text",
      "text": "$(br)$(o)$(#248A8B)“过去，巫师们曾会使用魔法种子培育出特殊的武器；但这项手艺早在很久之前就无人传承了。那些特殊武器虽然已经破损，但仍保留到了现在；这种处于休眠状态的种子必定是重新发掘出古老的魔法奥秘之关键所在。”"
    }
  ]
}