{
  "category": "hexalia:items",
  "name": "月像棱镜",
  "icon": "hexforged:lunar_compass",
  "sortnum": 6,
  "pages": [
    {
      "type": "patchouli:spotlight",
      "item": "hexforged:lunar_compass",
      "text": "月像棱镜是能显示当前月相的魔法物品。$(br)使用时，它会显示当前的月相和天文事件，以便判断天文状况的变化。$(br)女巫有概率掉落此物品。"
    },
    {
      "type": "patchouli:text",
      "text": "$(br)$(o)$(#248A8B)“在古代，巫师们会使用月像棱镜令仪式和月相循环谐和。这件蕴含着魔法的器物藏着月亮的奥秘。$(br)“据称，某些仪式的执行速度在特定月相下会变得更快，也有些情况会变慢。”"
    }
  ]
}
