{
  "category": "hexalia:items",
  "name": "天气人偶",
  "icon": "hexalia:silk_idol",
  "sortnum": 4,
  "pages": [
    {
      "type": "patchouli:spotlight",
      "item": "hexalia:silk_idol",
      "text": "天气人偶由丝绸人偶合成而来，而后者又是从丝绸和粉碎的药草合成而成。丝绸人偶与不同种资源结合后，所得产物就有了改变天气的能力。"
    },
    {
      "type": "patchouli:crafting",
      "recipe": "hexalia:silk_idol"
    },
    {
      "type": "patchouli:crafting",
      "recipe": "hexalia:rain_idol",
      "text": "将天气改变为降雨。"
    },
    {
      "type": "patchouli:crafting",
      "recipe": "hexalia:clear_idol",
      "text": "将天气改变为晴天。"
    },
    {
      "type": "patchouli:crafting",
      "recipe": "hexalia:storm_idol",
      "text": "将天气改变为雷暴。"
    }
  ]
}