{
  "name": "烤种子",
  "icon": "mysticalworld:cooked_seeds",
  "category": "cuisine",
  "pages": [
    {
      "type": "crafting",
      "link_recipe": true,
      "recipe": "mysticalworld:assorted_seeds",
      "text": "任意 4 个种子可以混合成什锦种子。"
    },
    {
      "type": "smelting",
      "recipe": "mysticalworld:assorted_seeds",
      "title": "烤种子",
      "text": "一道简单快捷的小吃，能帮助你消耗多出的种子。刚饿时吃下，能给你带来急需的能量！"
    }
  ]
}
