{
    "name": "再处理器外壳",
    "icon": "bigreactors:reprocessorcasing",
    "category": "bigreactors:reprocessor-parts",
    "read_by_default": true,
    "sortnum": 1,
    "pages": [
        {
            "type": "spotlight",
            "item": "bigreactors:reprocessorcasing",
            "link_recipe": true,
            "title" : "再处理器外壳",
            "text": "再处理器外壳是搭建再处理器的基础方块。$(br2)它们被用于搭建框架与其他部分，如果你不喜欢再处理器玻璃，也可以用再处理器外壳填充再处理器表面。"
        },
        {
            "type": "crafting-part_usage",
            "crafting.title1": "再处理器外壳",
            "crafting.recipe1": "bigreactors:reprocessor/casing"
        }
    ]
}