{
    "name": "再处理器废料输入端口",
    "icon": "bigreactors:reprocessorwasteinjector",
    "category": "bigreactors:reprocessor-parts",
    "read_by_default": true,
    "sortnum": 4,
    "pages": [
        {
            "type": "spotlight",
            "item": "bigreactors:reprocessorwasteinjector",
            "link_recipe": true,
            "title" : "再处理器废料输入端口",
            "text": "再处理器废料输入端口允许您将废料从反应堆输入到再处理器。$(br2)图形界面可用于手动输入材料，或您可以利用管道将废料输入到废料输入端口。"
        },
        {
            "type": "crafting-part_usage",
            "crafting.title1": "再处理器废料输入端口",
            "crafting.recipe1": "bigreactors:reprocessor/wasteinjector"
        }
    ]
}