{
    "name": "再处理器输出端口",
    "icon": "bigreactors:reprocessoroutputport",
    "category": "bigreactors:reprocessor-parts",
    "read_by_default": true,
    "sortnum": 8,
    "pages": [
        {
            "type": "spotlight",
            "item": "bigreactors:reprocessoroutputport",
            "link_recipe": true,
            "title" : "再处理器输出端口",
            "text": "再处理器输出端口允许您从再处理器中输出再处理完毕的材料。$(br2)图形界面可用于手动取出材料，或者您可以连接物品管道以自动取出材料。"
        },
        {
            "type": "crafting-part_usage",
            "crafting.title1": "再处理器输出端口",
            "crafting.recipe1": "bigreactors:reprocessor/outputport"
        }
    ]
}