{
  "name": "蜜蜂采蜜对象",
  "icon": "minecraft:poppy",
  "category": "complicated_bees:started",
  "advancement": "complicated_bees:apiary",
  "pages": [
    {
      "type": "patchouli:text",
      "text": "蜜蜂需要附近有对应的“花卉”才能产出蜜脾。此处的“花卉”通常是指蜜蜂来源环境中自然生长的植物。不过，某些蜂种需要一些比较特别的方块⸺普通意义上的花朵、杜鹃花丛、枯萎的灌木，甚至头颅也算，这些都是它们可能会要求的花卉。"
    },
    {
      "type": "patchouli:text",
      "text": "如需查找某种采蜜对象类别下有哪些方块，可以在配方查看器中查阅蜂房和蜂房组的用途，也可在其中直接搜索花朵的名称。"
    }
  ]
}