{
  "name": "银",
  "icon": "mysticalworld:silver_ore",
  "category": "ores",
  "flags": "roots:silver",
  "pages": [
    {
      "type": "spotlight",
      "link_recipe": true,
      "item": "mysticalworld:silver_ore",
      "text": "银矿石的位置和深度与金矿石类似。熔炼后会得到银锭，并可进一步合成银制工具。这些工具附魔等级与金类似，耐久更高。"
    },
    {
      "type": "smelting",
      "link_recipe": true,
      "recipe": "mysticalworld:silver_ore",
      "title": "银锭",
      "text": "银制工具和武器的挖掘等级和金相同。"
    },
    {
      "type": "crafting",
      "recipe": "mysticalworld:silver_axe",
      "recipe2": "mysticalworld:silver_hoe",
      "title": "银制工具"
    },
    {
      "type": "crafting",
      "recipe": "mysticalworld:silver_knife",
      "recipe2": "mysticalworld:silver_pickaxe"
    },
    {
      "type": "crafting",
      "recipe": "mysticalworld:silver_shovel",
      "recipe2": "mysticalworld:silver_sword"
    }
  ]
}
