{
  "name": "Gathering",
  "icon": "roots:ritual_gathering",
  "category": "rituals",
  "read_by_default": true,
  "flag": "roots:ritual_gathering",
  "pages": [
    {
      "type": "text",
      "text": "Loose items on the ground will be gathered by magic and drawn into an adjacent inventory.$(br2)This operation is performed at regular intervals for the duration of the ritual, making it ideal for gathering up things regularly dropped.$(br2)$(warning) The target inventory can be located in anywhere around the pyre - except beneath."
    },
    {
      "type": "pyre_template",
      "ritual": "ritual_gathering",
      "text": "As a $(l:rituals/tiers)$(bold)tier 0$() ritual, there are no additional requirements to complete this ritual."
    },
    {
      "type": "multiblock",
      "anchor": "multiblock",
      "multiblock": {
        "mapping": {
          "0": "roots:pyre",
          "I": "minecraft:torch"
        },
        "pattern": [
          ["III","III","III"],
          ["III","I0I","III"]
        ]
      },
      "text": "The target inventory can be placed at any of the torch locations."
    },
     {
      "type": "text",
      "title": "Ritual Specifics",
      "text": "$(bold)Duration:$() The ritual lasts for $(ritual:gathering/SECONDS/duration) seconds.$(br2)$(bold)Size:$() Ritual area extends $(ritual:gathering/radius_x) and $(ritual:gathering/radius_z) blocks from the center, and vertically by $(ritual:gathering/radius_y) blocks.$(br2)$(bold)Frequency:$() Items are checked for every $(ritual:gathering/SECONDS/interval) seconds."
    }
  ]
}