{
  "name": "彩虹信标",
  "icon": "auraddons:block_rainbow_beacon",
  "category": "naturesaura:devices",
  "advancement": "naturesaura:infused_materials",
  "pages": [
    {
      "type": "text",
      "text": "$(item)信标$()能射出照亮天空的光束，但其可用颜色十分有限。只要加上一点$(aura)这个问题很容易就能解决。$(item)彩虹信标$()会让光束颜色在彩虹的各种颜色间循环切换。"
    }, {
      "type": "crafting",
      "text": "合成$(item)彩虹信标$()",
      "recipe": "auraddons:rainbow_beacon"
    }
  ]
}
