{
  "name": "Gramary",
  "icon": "roots:gramary",
  "category": "crafting_armor_tools",
  "sortnum" : 3,
  "read_by_default": true,
  "pages": [
    {
      "type": "crafting",
      "recipe": "roots:gramary",
      "text": "Much more than just bark and herbs held bound by string, this is a repository of magic used in imbuing when adding new spells to your library.$(br2)$(warning) You will need at least one of these to progress through Roots."
    },
    {
      "type": "relations",
      "anchor": "related",
      "entries": [
        "spells/introduction",
        "spells/introduction2",
        "spells/library",
        "spells/modifiers",
        "crafting/imbuer"
      ]
    }
  ]
}