{
  "name": "Storm Cloud",
  "icon": "roots:spell_icon{spell_storage:{s:\"roots:spell_storm_cloud\"}}",
  "category": "spells",
  "read_by_default": true,
  "flag": "roots:spell_storm_cloud",
  "pages": [
    {
      "type": "text",
      "text": "This spell creates a localised storm that follows you around, directly above your head.$(br2)The storm will extinguish fires around you, on you and on your allies. It also gives Fire Resistance $(spell:storm_cloud/ROMAN/fire_resistance) for $(spell:storm_cloud/SECONDS/duration).$(br2)With modifiers, you can convert lava to obsidian, water to ice, heal, shoot icicles, and cause lightning to strike nearby enemies."
    },
    {
      "type": "spell_template",
      "spell": "spell_storm_cloud"
    },
    {
      "type": "spell_modifier_template",
      "spell": "spell_storm_cloud",
      "modifier": "roots:spread",
      "anchor": "spread"
    },
    {
      "type": "spell_modifier_template",
      "spell": "spell_storm_cloud",
      "modifier": "roots:peaceful_storm",
      "anchor": "peaceful_storm"
    },
    {
      "type": "spell_modifier_template",
      "spell": "spell_storm_cloud",
      "modifier": "roots:magnetic_storm",
      "anchor": "magnetic_storm"
    },
    {
      "type": "spell_modifier_template",
      "spell": "spell_storm_cloud",
      "modifier": "roots:lightning_strikes",
      "anchor": "lightning_strikes"
    },
    {
      "type": "spell_modifier_template",
      "spell": "spell_storm_cloud",
      "modifier": "roots:reactive_jolt",
      "anchor": "reactive_jolt"
    },
    {
      "type": "spell_modifier_template",
      "spell": "spell_storm_cloud",
      "modifier": "roots:healing_rain",
      "anchor": "healing_rain"
    },
    {
      "type": "spell_modifier_template",
      "spell": "spell_storm_cloud",
      "modifier": "roots:poison_storm",
      "anchor": "poison_storm"
    },
    {
      "type": "spell_modifier_template",
      "spell": "spell_storm_cloud",
      "modifier": "roots:ignification",
      "anchor": "ignification"
    },
    {
      "type": "spell_modifier_template",
      "spell": "spell_storm_cloud",
      "modifier": "roots:icicles",
      "anchor": "icicles"
    },
    {
      "type": "spell_modifier_template",
      "spell": "spell_storm_cloud",
      "modifier": "roots:freezing_rain",
      "anchor": "freezing_rain"
    },
    {
      "type": "text",
      "title": "Spell Configuration",
      "text": "$(bold)Cooldown:$() The spell has a cooldown of $(spell:storm_cloud/SECONDS/cooldown) seconds.$(br2)$(bold)Duration:$() The storm cloud lasts for $(spell:storm_cloud/SECONDS/duration).$(br2)$(bold)Radius:$() The radius of the cloud is $(spell:storm_cloud/radius) blocks around you, and entities within that range will be extinguished. With the $(modifier:spread)$() modifier enabled, it extends an additional $(spell:storm_cloud/extended_radius) blocks.$(br2)$(bold)Lightning:$() With the $(modifier:lightning_strikes)$() modifier enabled, there"
    },
    {
      "type": "text",
      "text": "is a $(spell:storm_cloud/PERCENT/lightning_chance) chance every $(spell:storm_cloud/SECONDS/lightning_interval) seconds that the effect is active.$(br2)$(bold)Peaceful:$() With the $(modifier:peaceful_storm)$() modifier enabled, only hostile creatures will be targeted for negative effects.$(br2)$(bold)Healing:$() With the $(modifier:healing_rain)$() modifier enabled, eligible entities will be healed for $(spell:storm_cloud/HEART/heal_amount) hearts every $(spell:storm_cloud/SECONDS/heal_interval) while the spell is active.$(br2)$(bold)Obsidian:$() With the $(modifier:ignification)$() modifier enabled,"
    },
    {
      "type": "text",
      "text": "lava blocks within the radius of the storm will be converted into obsidian.$(br2)$(bold)Ice:$() With the $(modifier:freezing_rain)$() modifier enabled, nearby water will be converted into ice.$(br2)$(bold)Poison:$() With the $(modifier:poison_storm)$() modifier enabled, entities will be given Poison $(spell:storm_cloud/ROMAN/poison_amplifier) for $(spell:storm_cloud/SECONDS/poison_duration).$(br2)$(bold)Magnetism:$() With the $(modifier:magnetic_storm)$() modifier enabled, ranged attackers will be teleported to your location if they hit you with an attack."
    },
    {
      "type": "text",
      "text": "$(bold)Icicles:$() With the $(modifier:icicles)$() modifier enabled, there is a $(spell:storm_cloud/PERCENT/icicle_chance) chance every $(spell:storm_cloud/SECONDS/icicle_interval) seconds while the storm is active to spawn an icicle projectile that shoots at an eligible target, dealing $(spell:storm_cloud/HEART/icicle_damage) hearts of physical damage.$(br2)$(bold)Jolt:$() With the $(modifier:reactive_jolt)$() modifier enabled, anyone who attacks you while the storm is active will take $(spell:storm_cloud/HEART/lightning_damage) hearts of damage."
    },
    {
      "type": "relations",
      "anchor": "related",
      "entries": [
        "spells/modifiers",
        "herbs/cloud_berry"
      ]
    }
  ]
}