{
  "name": "介绍",
  "icon": "deepmoblearning:soot_covered_redstone",
  "category": "0_introduction",
  "sortnum": 0,
  "pages": [
    {
      "type": "text",
      "text": "本$(item)模组$()的设计原则是将它变成一个简单、$(br)减少卡顿的，用以替代获取怪物资源的传统手段的方案。$(br2)模组的各种机制鼓励玩家进行探索与战斗，并从中获益。$(br2)开始之前，你需要获得一些本模组专有的$(item)合成部件$()。"
    },
    {
      "type": "spotlight",
      "item": "deepmoblearning:soot_covered_redstone",
      "title": "炭灰红石",
      "anchor": "sooted_redstone",
      "text": "$(item)炭灰红石$()可以用$(item)红石$()敲击$(item)煤炭块$()获得。$(br2)这个乌黑的小玩意在本$(item)模组$()中扮演着必不可少的角色。"
    },
    {
      "type": "recipelookup",
      "recipe": "deepmoblearning:soot_covered_plate",
      "recipe2": "deepmoblearning:machine_casing",
      "title2": "机械外壳"
    }
  ]
}