{
  "name": "Terra Moss",
  "icon": "roots:terra_moss",
  "category": "herbs",
  "read_by_default": true,
  "turnin": "roots:terra_moss",
  "priority": true,
  "sortnum": 4,
  "pages": [
    {
      "type": "spotlight",
      "item": "roots:terra_spores",
      "text": "Commonly overlooked, terra moss grows in many places in the world, and can be scraped from many mossy surfaces by right-clicking with a $(l:crafting/knives)knife$().$(br2)Likewise, you will find terra spores when breaking tall grass. Under the correct circumstances, these will provide a mossy surface to scrape from."
    },
    {
      "type": "moss_template",
      "name": "Mossy Surfaces",
      "text": "Many blocks are suitable for scraping moss from, leaving behind their pristine form and providing you with terra moss.$(br2)$(warning) Manually creating such a surface requires specific conditions."
    },
    {
      "type": "multiblock",
      "anchor": "conditions",
      "multiblock": {
        "mapping": {
          "0": "minecraft:cobblestone",
          "M": "minecraft:water"
        },
        "pattern": [
          [" M ","M0M"," M "]
        ]
      },
      "text": "Cobblestone or any suitable surface, placed adjacent to water, provides the perfect conditions for moss growth."
    },
    {
      "type": "multiblock",
      "multiblock": {
        "mapping": {
          "0": "minecraft:mossy_cobblestone",
          "M": "minecraft:water"
        },
        "pattern": [
          [" M ","M0M"," M "]
        ]
      },
      "text": "$(info) Simply right-click a water-adjacent block with terra spores to convert it into its mossy equivalent."
    },
    {
      "type": "spotlight",
      "item": "roots:terra_moss",
      "link_recipe": true,
      "text": "Once the spores have been imbued and the moss has spread to cover the entirety of the block (a process that happens rapidly), it is now ready to be harvest.$(br2)$(info) Simply right-click the mossy surface with a knife and you will obtain the moss, returning the block to its original form."
    },
    {
      "type": "text",
      "anchor": "renew",
      "title": "Renewability",
      "text": "While it may seem tedious to go through the process of gathering & applying spores and then scraping the moss repeatedly, this system is both renewable and $(l:herbs/terra_moss#auto)automatable$().$(br2)The $(l:rituals/ritual_overgrowth)Overgrowth$() ritual bypass the need for terra spores entirely, magically causing moss to grow on $(l:herbs/terra_moss#conditions)blocks that meet the conditions$() of being water-adjacent."
    },
    {
      "type": "text",
      "anchor": "auto",
      "title": "Automation",
      "text": "$(l:automation/ritual_overgrowth)This ritual can easily be automated$() using vanilla methods."
    },
    {
      "type": "relations",
      "anchor": "related",
      "entries": [
        "crafting/knives",
        "rituals/ritual_overgrowth",
        "automation/ritual_overgrowth"
      ]
    }
  ]
}