{
  "name": "故障碎片",
  "icon": "deepmoblearning:glitch_fragment",
  "category": "3_system_malfunction",
  "sortnum": 1,
  "pages": [
    {
      "type": "spotlight",
      "title": "故障碎片",
      "item": "deepmoblearning:glitch_fragment",
      "link_recipe": true,
      "text": "用$(l:3_system_malfunction/0_system_glitches#heart)损坏的故障心脏$()敲击$(item)黑曜石$()，可以获得$(item)不稳定故障碎片$()。$(br2)这些$(item)碎片$()可用来制作$(item)故障灌注锭$()。"
    }
  ]
}