{
  "category": "hexalia:entities",
  "name": "蚕蛾",
  "icon": "hexalia:silk_moth_spawn_egg",
  "sortnum": 0,
  "pages": [
    {
      "type": "patchouli:text",
      "text": "蚕蛾是出现于黑森林和$(l:hexalia:world_gen/enchanted_bayou)蕴魔长沼$()生物群系的小型昆虫。$(br2)这些生物有棕色、黑色、粉红色、蓝色四种不同颜色，且会被灯等光源吸引。"
    },
    {
      "type": "patchouli:image",
      "title": "蚕蛾",
      "images": [
        "hexalia:textures/gui/patchouli/silk_moth.png"
      ],
      "border": true
    },
    {
      "type": "patchouli:spotlight",
      "item": "hexalia:silkworm",
      "text": "破坏蚕茧可获得蚕，蚕茧则可在黑森林和$(l:hexalia:world_gen/enchanted_bayou)蕴魔长沼$()生物群系内找到。"
    },
    {
      "type": "patchouli:image",
      "title": "蚕茧",
      "images": [
        "hexalia:textures/gui/patchouli/silkworm_cocoon.png"
      ],
      "border": true,
      "text": "这些茧会生成在深色橡树和棉杨的原木侧面。"
    },
    {
      "type": "patchouli:spotlight",
      "item": "hexalia:bottled_moth",
      "text": "对蚕蛾使用简易药瓶可将其兜住，方便转移它们。"
    },
    {
      "type": "patchouli:crafting",
      "recipe": "hexalia:silk_fiber",
      "text": "蚕丝纤维可通过组合蚕与树叶获得，击杀蚕蛾有小概率掉落。"
    },
    {
      "type": "patchouli:crafting",
      "recipe": "hexalia:cobweb_from_fiber",
      "text": "将蚕丝纤维与线组合可制造蜘蛛网。"
    },
    {
      "type": "patchouli:crafting",
      "recipe": "hexalia:string_from_mortar_and_pestle",
      "text": "使用$(l:hexalia:items/mortar_and_pestle)研钵与研杵$()磨碎蚕丝纤维可获得线。"
    }
  ]
}