{
  "title":"微缩冶炼炉",
  "text": [
    {
      "text": "微缩冶炼炉必须放置在焦黑加热器或焦黑储罐上上方，并且添加燃料以供使用。焦黑加热器提供的熔化温度非常低，因此如果不使用焦黑储罐，可能无法融化某些材料。"
    },
    {
      "text": "可以将浇筑口连接到微缩冶炼炉上，使熔融金属输入浇铸台和浇铸盆中，也可以使用其他液体导管将熔融金属输入排液口或从排液口中抽出。",
      "paragraph": true
    }
  ]
}