{
  "name": "驱散效果",
  "icon": "arcanuscontinuum:textures/spell_components/effects/colored/dispel_effect.png",
  "category": "arcanuscontinuum:spellcraft",
  "sortnum": 201,
  "advancement": "arcanuscontinuum:arcane/wizard_level_6",
  "pages": [
    {
      "type": "patchouli:text",
      "text": "重量：无$(br)魔力消耗：5$(br)冷却时间：0秒$(br2)描述：$(br)移除目标的减益药水效果。链式该效果会一次性移除更多效果。该效果也可以驱散魔力护盾。"
    },
    {
      "type": "patchouli:image",
      "border": true,
      "images": [
        "arcanuscontinuum:textures/gui/patchouli/entries/effects/dispel_effect.png"
      ]
    }
  ]
}
