{
  "name": "巩固效果",
  "icon": "arcanuscontinuum:textures/spell_components/effects/colored/fortify_effect.png",
  "category": "arcanuscontinuum:spellcraft",
  "sortnum": 203,
  "advancement": "arcanuscontinuum:arcane/wizard_level_5",
  "pages": [
    {
      "type": "patchouli:text",
      "text": "重量：无$(br)魔力消耗：6.5$(br)冷却时间：0秒$(br2)描述：$(br)使目标受到的伤害更少。链式该效果会使减伤增强。"
    },
    {
      "type": "patchouli:image",
      "border": true,
      "images": [
        "arcanuscontinuum:textures/gui/patchouli/entries/effects/fortify_effect.png"
      ]
    }
  ]
}
