{
  "name": "急迫效果",
  "icon": "arcanuscontinuum:textures/spell_components/effects/colored/haste_effect.png",
  "category": "arcanuscontinuum:spellcraft",
  "sortnum": 204,
  "advancement": "arcanuscontinuum:arcane/wizard_level_4",
  "pages": [
    {
      "type": "patchouli:text",
      "text": "重量：无$(br)魔力消耗：7$(br冷却时间：0秒$(br2)描述：$(br)使目标在挖掘方块与挥动武器时更为迅速。链式该效果使速度更快。"
    },
    {
      "type": "patchouli:image",
      "border": true,
      "images": [
        "arcanuscontinuum:textures/gui/patchouli/entries/effects/haste_effect.png"
      ]
    }
  ]
}
