{
  "name": "魔力锁定效果",
  "icon": "arcanuscontinuum:textures/spell_components/effects/colored/mana_lock_effect.png",
  "category": "arcanuscontinuum:spellcraft",
  "sortnum": 105,
  "advancement": "arcanuscontinuum:arcane/wizard_level_9",
  "pages": [
    {
      "type": "patchouli:text",
      "text": "重量：无$(br)魔力消耗：8$(br)冷却时间：0秒$(br2)描述：$(br)使目标短暂获得魔力锁定，减少其最大魔力值。链式该效果使减少更多最大魔力值。"
    },
    {
      "type": "patchouli:image",
      "border": true,
      "images": [
        "arcanuscontinuum:textures/gui/patchouli/entries/effects/mana_lock_effect.png"
      ]
    }
  ]
}
