{
  "name": "推动效果",
  "icon": "arcanuscontinuum:textures/spell_components/effects/colored/push_effect.png",
  "category": "arcanuscontinuum:spellcraft",
  "sortnum": 300,
  "advancement": "arcanuscontinuum:arcane/wizard_level_3",
  "pages": [
    {
      "type": "patchouli:text",
      "text": "重量：无$(br)魔力消耗：1$(br)冷却时间：0秒$(br2)描述：$(br)将目标向施法者的反向小幅推动. 链式该效果会增强推动力度。"
    },
    {
      "type": "patchouli:image",
      "border": true,
      "images": [
        "arcanuscontinuum:textures/gui/patchouli/entries/effects/push_effect.png"
      ]
    }
  ]
}
