{
  "name": "空间裂隙效果",
  "icon": "arcanuscontinuum:textures/spell_components/effects/colored/spatial_rift_effect.png",
  "category": "arcanuscontinuum:spellcraft",
  "sortnum": 308,
  "advancement": "arcanuscontinuum:arcane/wizard_level_7",
  "pages": [
    {
      "type": "patchouli:text",
      "text": "重量：无$(br)魔力消耗：10$(br)冷却时间：0秒$(br2)描述：$(br)创造一个将实体吸入口袋维度的裂隙。链式该效果增加吸入范围。"
    },
    {
      "type": "patchouli:image",
      "border": true,
      "images": [
        "arcanuscontinuum:textures/gui/patchouli/entries/effects/spatial_rift_effect.png"
      ]
    }
  ]
}
